Object,Sequence,ftype_prob_0,ftype_prob_1,ftype_prob_2,ftype_prob_3
1,s0_fi0_fu0_b0_l0,0.8749851584434509,0.07927680760622025,0.043729137629270554,0.002008797600865364
1,s0_fi0_fu0_b0_l1,0.8145526051521301,0.12431885302066803,0.057866450399160385,0.003262168262153864
1,s0_fi0_fu0_b1_l0,0.8021987676620483,0.12374384701251984,0.06653187423944473,0.007525477558374405
1,s0_fi0_fu0_b1_l1,0.8050214648246765,0.10570522397756577,0.08497212827205658,0.004301141947507858
1,s0_fi1_fu1_b0_l0,0.011761555448174477,0.347125768661499,0.32616299390792847,0.31494972109794617
1,s0_fi1_fu1_b0_l1,0.006532341707497835,0.2667807936668396,0.3782407343387604,0.3484461009502411
1,s0_fi1_fu1_b1_l0,0.0042767892591655254,0.42602643370628357,0.3285706639289856,0.24112610518932343
1,s0_fi1_fu1_b1_l1,0.01274808868765831,0.2752964496612549,0.24478574097156525,0.46716979146003723
1,s0_fi1_fu2_b0_l0,0.0038216435350477695,0.332154244184494,0.43505018949508667,0.22897391021251678
1,s0_fi1_fu2_b0_l1,0.0036098917480558157,0.5597453713417053,0.3567875027656555,0.0798572227358818
1,s0_fi1_fu2_b1_l0,0.004499869421124458,0.4592036306858063,0.3053562641143799,0.23094022274017334
1,s0_fi1_fu2_b1_l1,0.004099689424037933,0.37006494402885437,0.42943117022514343,0.19640414416790009
1,s0_fi2_fu1_b0_l0,0.010183585807681084,0.26654431223869324,0.5147506594657898,0.20852145552635193
1,s0_fi2_fu1_b0_l1,0.0034861923195421696,0.3756398856639862,0.4558890163898468,0.1649848073720932
1,s0_fi2_fu1_b1_l0,0.007894754409790039,0.3732066750526428,0.38930127024650574,0.2295973002910614
1,s0_fi2_fu1_b1_l1,0.01169317215681076,0.28214120864868164,0.35371091961860657,0.35245466232299805
1,s0_fi2_fu2_b0_l0,0.005724367685616016,0.30741485953330994,0.5077331066131592,0.17912764847278595
1,s0_fi2_fu2_b0_l1,0.003811372211202979,0.3565391004085541,0.552090048789978,0.08755947649478912
1,s0_fi2_fu2_b1_l0,0.002820116700604558,0.38159242272377014,0.4703851640224457,0.14520223438739777
1,s0_fi2_fu2_b1_l1,0.005875829141587019,0.2551816701889038,0.4176281988620758,0.3213142454624176
1,s0_fi3_fu1_b0_l0,0.015820126980543137,0.2972930669784546,0.39444202184677124,0.2924448251724243
1,s0_fi3_fu1_b0_l1,0.006045902147889137,0.24338987469673157,0.328798770904541,0.42176541686058044
1,s0_fi3_fu1_b1_l0,0.006837005726993084,0.3292110562324524,0.3266075551509857,0.3373444378376007
1,s0_fi3_fu1_b1_l1,0.0049003842286765575,0.18324603140354156,0.16912615299224854,0.6427274346351624
1,s0_fi3_fu2_b0_l0,0.0035633777733892202,0.12659969925880432,0.1499083787202835,0.7199285626411438
1,s0_fi3_fu2_b0_l1,0.0020911686588078737,0.09338153898715973,0.179899662733078,0.7246276140213013
1,s0_fi3_fu2_b1_l0,0.002565107075497508,0.18221764266490936,0.27864617109298706,0.5365710258483887
1,s0_fi3_fu2_b1_l1,0.005095468834042549,0.1988735944032669,0.2644994258880615,0.531531572341919
1,s1_fi0_fu0_b0_l0,0.8081638813018799,0.09801085293292999,0.09143073111772537,0.0023945365101099014
1,s1_fi0_fu0_b0_l1,0.9356592297554016,0.04297034442424774,0.020619362592697144,0.0007510711438953876
1,s1_fi0_fu0_b1_l0,0.8907380104064941,0.06102178990840912,0.0427294559776783,0.005510699935257435
1,s1_fi0_fu0_b1_l1,0.6075489521026611,0.21847249567508698,0.14193905889987946,0.032039497047662735
1,s1_fi1_fu1_b0_l0,0.12402918934822083,0.4896524250507355,0.30377647280693054,0.08254186064004898
1,s1_fi1_fu1_b0_l1,0.004305510316044092,0.642559826374054,0.22606047987937927,0.1270742416381836
1,s1_fi1_fu1_b1_l0,0.03494064137339592,0.6962076425552368,0.2067902833223343,0.06206139549612999
1,s1_fi1_fu1_b1_l1,0.010314027778804302,0.41867294907569885,0.3477018475532532,0.22331121563911438
1,s1_fi1_fu2_b0_l0,0.008962851017713547,0.35154616832733154,0.28663286566734314,0.35285812616348267
1,s1_fi1_fu2_b0_l1,0.001682459027506411,0.4651709496974945,0.40031698346138,0.13282956182956696
1,s1_fi1_fu2_b1_l0,0.0015362646663561463,0.24253764748573303,0.29726642370224,0.45865970849990845
1,s1_fi1_fu2_b1_l1,0.001359886839054525,0.0972834900021553,0.19251519441604614,0.7088414430618286
1,s1_fi2_fu1_b0_l0,0.01878957636654377,0.40451279282569885,0.4494032561779022,0.12729433178901672
1,s1_fi2_fu1_b0_l1,0.005193385761231184,0.524319589138031,0.36798450350761414,0.10250258445739746
1,s1_fi2_fu1_b1_l0,0.004183561075478792,0.24753572046756744,0.2565389573574066,0.49174177646636963
1,s1_fi2_fu1_b1_l1,0.006105655804276466,0.4128974974155426,0.49076518416404724,0.09023170918226242
1,s1_fi2_fu2_b0_l0,0.003206517081707716,0.3070679008960724,0.5471132397651672,0.14261235296726227
1,s1_fi2_fu2_b0_l1,0.0021943384781479836,0.3118220865726471,0.3173409700393677,0.368642657995224
1,s1_fi2_fu2_b1_l0,0.0006728406879119575,0.13294146955013275,0.5199933052062988,0.346392422914505
1,s1_fi2_fu2_b1_l1,0.0009309528977610171,0.2383265346288681,0.6149806380271912,0.14576180279254913
1,s1_fi3_fu1_b0_l0,0.015231281518936157,0.3067953884601593,0.3077738881111145,0.3701995015144348
1,s1_fi3_fu1_b0_l1,0.0018481719307601452,0.26839134097099304,0.22475941479206085,0.5050010681152344
1,s1_fi3_fu1_b1_l0,0.0038925327826291323,0.18201324343681335,0.18911875784397125,0.6249755024909973
1,s1_fi3_fu1_b1_l1,0.0071098352782428265,0.2004244327545166,0.1713058352470398,0.6211598515510559
1,s1_fi3_fu2_b0_l0,0.004106159321963787,0.18871065974235535,0.23738224804401398,0.5698009133338928
1,s1_fi3_fu2_b0_l1,0.0008427779539488256,0.239744633436203,0.45174139738082886,0.3076711595058441
1,s1_fi3_fu2_b1_l0,0.001286878832615912,0.09245219081640244,0.13441921770572662,0.7718417644500732
1,s1_fi3_fu2_b1_l1,0.0020856147166341543,0.07623409479856491,0.17250150442123413,0.7491787075996399
1,s2_fi0_fu0_b0_l0,0.8750174641609192,0.08375206589698792,0.03669082373380661,0.004539673216640949
1,s2_fi0_fu0_b0_l1,0.8700147271156311,0.06868059188127518,0.035420939326286316,0.025883682072162628
1,s2_fi0_fu0_b1_l0,0.6933459043502808,0.19108541309833527,0.11286590993404388,0.0027027190662920475
1,s2_fi0_fu0_b1_l1,0.5200821161270142,0.2769725024700165,0.19031763076782227,0.012627743184566498
1,s2_fi1_fu1_b0_l0,0.025298302993178368,0.6408689618110657,0.24266432225704193,0.0911683440208435
1,s2_fi1_fu1_b0_l1,0.08882489055395126,0.48498886823654175,0.3409394323825836,0.08524683117866516
1,s2_fi1_fu1_b1_l0,0.04459000006318092,0.5824543237686157,0.30317258834838867,0.06978309154510498
1,s2_fi1_fu1_b1_l1,0.026571806520223618,0.5474501252174377,0.3631678521633148,0.06281021982431412
1,s2_fi1_fu2_b0_l0,0.005347258877009153,0.5223674774169922,0.41566187143325806,0.056623443961143494
1,s2_fi1_fu2_b0_l1,0.009602568112313747,0.37935593724250793,0.46265098452568054,0.14839056134223938
1,s2_fi1_fu2_b1_l0,0.006215428933501244,0.4742792844772339,0.21542975306510925,0.3040755093097687
1,s2_fi1_fu2_b1_l1,0.00955371093004942,0.713103175163269,0.24944321811199188,0.02789992094039917
1,s2_fi2_fu1_b0_l0,0.006675936281681061,0.323507696390152,0.4257994294166565,0.2440168857574463
1,s2_fi2_fu1_b0_l1,0.024857355281710625,0.5064743161201477,0.3909732699394226,0.0776950865983963
1,s2_fi2_fu1_b1_l0,0.03148537501692772,0.37553516030311584,0.3847801983356476,0.20819921791553497
1,s2_fi2_fu1_b1_l1,0.023496299982070923,0.43166491389274597,0.38820624351501465,0.15663257241249084
1,s2_fi2_fu2_b0_l0,0.0015528170624747872,0.02838505432009697,0.9170831441879272,0.05297895520925522
1,s2_fi2_fu2_b0_l1,0.0056237587705254555,0.19133184850215912,0.5920006632804871,0.21104370057582855
1,s2_fi2_fu2_b1_l0,0.0045586274936795235,0.388912558555603,0.36871495842933655,0.23781386017799377
1,s2_fi2_fu2_b1_l1,0.006264153402298689,0.4700995087623596,0.4239417314529419,0.09969465434551239
1,s2_fi3_fu1_b0_l0,0.021601775661110878,0.41245394945144653,0.2318948656320572,0.33404940366744995
1,s2_fi3_fu1_b0_l1,0.03846684843301773,0.35677117109298706,0.21654297411441803,0.3882189989089966
1,s2_fi3_fu1_b1_l0,0.028348887339234352,0.3935668468475342,0.32809802889823914,0.24998624622821808
1,s2_fi3_fu1_b1_l1,0.007851839996874332,0.1397007554769516,0.1204860508441925,0.7319613695144653
1,s2_fi3_fu2_b0_l0,0.01026248186826706,0.4223023056983948,0.3123684823513031,0.2550666928291321
1,s2_fi3_fu2_b0_l1,0.04155069962143898,0.20091544091701508,0.26847341656684875,0.48906049132347107
1,s2_fi3_fu2_b1_l0,0.0061323381960392,0.15593840181827545,0.1471925526857376,0.690736711025238
1,s2_fi3_fu2_b1_l1,0.007334428373724222,0.21806086599826813,0.16541317105293274,0.6091915369033813
3,s0_fi0_fu0_b0_l0,0.9820023775100708,0.00936734676361084,0.00717986561357975,0.0014503885759040713
3,s0_fi0_fu0_b0_l1,0.948827862739563,0.022413205355405807,0.02286623790860176,0.005892661865800619
3,s0_fi0_fu0_b1_l0,0.918784499168396,0.04587145149707794,0.032164089381694794,0.0031799294520169497
3,s0_fi0_fu0_b1_l1,0.9184820652008057,0.03715091198682785,0.039067260921001434,0.005299727898091078
3,s0_fi1_fu1_b0_l0,0.003402549074962735,0.7440981864929199,0.2296549677848816,0.022844353690743446
3,s0_fi1_fu1_b0_l1,0.0037995364982634783,0.7556403279304504,0.21473431587219238,0.025825869292020798
3,s0_fi1_fu1_b1_l0,0.008974699303507805,0.5490036010742188,0.27200794219970703,0.17001377046108246
3,s0_fi1_fu1_b1_l1,0.010350228287279606,0.5517455339431763,0.31872856616973877,0.11917568743228912
3,s0_fi1_fu2_b0_l0,0.0023294391576200724,0.8225425481796265,0.15333019196987152,0.02179783768951893
3,s0_fi1_fu2_b0_l1,0.002500833012163639,0.6685514450073242,0.2793666422367096,0.04958106949925423
3,s0_fi1_fu2_b1_l0,0.00428058160468936,0.7774200439453125,0.20066788792610168,0.01763145811855793
3,s0_fi1_fu2_b1_l1,0.011951630935072899,0.6356982588768005,0.28100982308387756,0.07134030759334564
3,s0_fi2_fu1_b0_l0,0.009663902223110199,0.41640323400497437,0.41063356399536133,0.16329927742481232
3,s0_fi2_fu1_b0_l1,0.004518927540630102,0.40555456280708313,0.5409656167030334,0.048960909247398376
3,s0_fi2_fu1_b1_l0,0.0066598267294466496,0.3434944152832031,0.5142883658409119,0.1355574131011963
3,s0_fi2_fu1_b1_l1,0.007718382868915796,0.1595221310853958,0.2406339943408966,0.5921254754066467
3,s0_fi2_fu2_b0_l0,0.002914371667429805,0.17452406883239746,0.7108886241912842,0.11167296022176743
3,s0_fi2_fu2_b0_l1,0.0035025731194764376,0.39055949449539185,0.5423241853713989,0.06361378729343414
3,s0_fi2_fu2_b1_l0,0.0019257378298789263,0.09974207729101181,0.7489986419677734,0.14933356642723083
3,s0_fi2_fu2_b1_l1,0.00577792152762413,0.26427218317985535,0.5436333417892456,0.18631654977798462
3,s0_fi3_fu1_b0_l0,0.0040428778156638145,0.07688423991203308,0.10005731135606766,0.8190155625343323
3,s0_fi3_fu1_b0_l1,0.0018808773020282388,0.03109702840447426,0.04487769678235054,0.92214435338974
3,s0_fi3_fu1_b1_l0,0.0041399141773581505,0.15641170740127563,0.17599205672740936,0.6634563207626343
3,s0_fi3_fu1_b1_l1,0.0038735317066311836,0.10415797680616379,0.181208074092865,0.7107603549957275
3,s0_fi3_fu2_b0_l0,0.0037470690440386534,0.06655791401863098,0.11506997793912888,0.8146249651908875
3,s0_fi3_fu2_b0_l1,0.0035451690200716257,0.13001136481761932,0.1651817411184311,0.7012617588043213
3,s0_fi3_fu2_b1_l0,0.00353611190803349,0.1160990446805954,0.11980979144573212,0.76055508852005
3,s0_fi3_fu2_b1_l1,0.0017651093658059835,0.035725969821214676,0.04953104630112648,0.9129778146743774
3,s1_fi0_fu0_b0_l0,0.9606708884239197,0.018832502886652946,0.017758671194314957,0.0027379507664591074
3,s1_fi0_fu0_b0_l1,0.9362121820449829,0.026989830657839775,0.031740304082632065,0.0050576915964484215
3,s1_fi0_fu0_b1_l0,0.9244999885559082,0.04485245794057846,0.028532283380627632,0.00211520679295063
3,s1_fi0_fu0_b1_l1,0.9189255833625793,0.0352158397436142,0.040928926318883896,0.00492966128513217
3,s1_fi1_fu1_b0_l0,0.022624554112553596,0.6248021125793457,0.24303297698497772,0.10954038053750992
3,s1_fi1_fu1_b0_l1,0.004953992553055286,0.7827714085578918,0.20001916587352753,0.012255445122718811
3,s1_fi1_fu1_b1_l0,0.020767729729413986,0.5486729741096497,0.2727484703063965,0.15781083703041077
3,s1_fi1_fu1_b1_l1,0.02220369316637516,0.5371382236480713,0.2799713611602783,0.1606866717338562
3,s1_fi1_fu2_b0_l0,0.007750434335321188,0.8649471998214722,0.11518175154924393,0.012120643630623817
3,s1_fi1_fu2_b0_l1,0.0013295128010213375,0.8702009320259094,0.12177764624357224,0.006691898684948683
3,s1_fi1_fu2_b1_l0,0.002714776201173663,0.6235039234161377,0.29450538754463196,0.07927587628364563
3,s1_fi1_fu2_b1_l1,0.003811031114310026,0.7155787348747253,0.23989252746105194,0.040717724710702896
3,s1_fi2_fu1_b0_l0,0.009123454801738262,0.25415265560150146,0.6373081207275391,0.09941577911376953
3,s1_fi2_fu1_b0_l1,0.002826031530275941,0.3272891640663147,0.5681849718093872,0.10169988125562668
3,s1_fi2_fu1_b1_l0,0.008385896682739258,0.5249910354614258,0.369989812374115,0.09663329273462296
3,s1_fi2_fu1_b1_l1,0.006349705159664154,0.28945448994636536,0.4564216434955597,0.24777421355247498
3,s1_fi2_fu2_b0_l0,0.0029238846618682146,0.23568487167358398,0.5636919140815735,0.19769932329654694
3,s1_fi2_fu2_b0_l1,0.0032083652913570404,0.5446712970733643,0.41873395442962646,0.033386342227458954
3,s1_fi2_fu2_b1_l0,0.0012402944266796112,0.08740922808647156,0.7150101065635681,0.1963403970003128
3,s1_fi2_fu2_b1_l1,0.003924204036593437,0.2560800015926361,0.4810603857040405,0.25893542170524597
3,s1_fi3_fu1_b0_l0,0.004295116290450096,0.07717763632535934,0.101352758705616,0.8171744346618652
3,s1_fi3_fu1_b0_l1,0.0015412468928843737,0.07525116950273514,0.16030600666999817,0.7629016041755676
3,s1_fi3_fu1_b1_l0,0.009075556881725788,0.2590429186820984,0.1922861784696579,0.5395953059196472
3,s1_fi3_fu1_b1_l1,0.0023428660351783037,0.06919258087873459,0.12698566913604736,0.8014788627624512
3,s1_fi3_fu2_b0_l0,0.0007975096232257783,0.03111090511083603,0.03489961102604866,0.9331919550895691
3,s1_fi3_fu2_b0_l1,0.0005577210104092956,0.04304787144064903,0.06336354464292526,0.8930308818817139
3,s1_fi3_fu2_b1_l0,0.0019165965495631099,0.13937288522720337,0.1866278350353241,0.6720826625823975
3,s1_fi3_fu2_b1_l1,0.0013153095496818423,0.047395072877407074,0.06873343139886856,0.8825562596321106
3,s2_fi0_fu0_b0_l0,0.45135462284088135,0.33492934703826904,0.15500463545322418,0.058711420744657516
3,s2_fi0_fu0_b0_l1,0.8619247674942017,0.07221481949090958,0.0646417886018753,0.0012185884406790137
3,s2_fi0_fu0_b1_l0,0.8296915292739868,0.12178145349025726,0.047760553658008575,0.0007664450677111745
3,s2_fi0_fu0_b1_l1,0.8140450716018677,0.10111141949892044,0.08237715810537338,0.0024663759395480156
3,s2_fi1_fu1_b0_l0,0.03440578281879425,0.5688302516937256,0.21022634208202362,0.18653763830661774
3,s2_fi1_fu1_b0_l1,0.13130807876586914,0.5967202186584473,0.24449306726455688,0.027478639036417007
3,s2_fi1_fu1_b1_l0,0.018856223672628403,0.7508739829063416,0.21599726378917694,0.014272540807723999
3,s2_fi1_fu1_b1_l1,0.053485751152038574,0.4886174499988556,0.4063270092010498,0.05156976357102394
3,s2_fi1_fu2_b0_l0,0.01841038465499878,0.7736732363700867,0.1581580638885498,0.04975828900933266
3,s2_fi1_fu2_b0_l1,0.03280358389019966,0.6323210597038269,0.30375951528549194,0.031115800142288208
3,s2_fi1_fu2_b1_l0,0.005400832276791334,0.606392502784729,0.3406074047088623,0.04759930819272995
3,s2_fi1_fu2_b1_l1,0.03185432031750679,0.6126908659934998,0.30226534605026245,0.05318945646286011
3,s2_fi2_fu1_b0_l0,0.016973771154880524,0.38382992148399353,0.545041561126709,0.05415479466319084
3,s2_fi2_fu1_b0_l1,0.05421272665262222,0.3945271372795105,0.35262322425842285,0.1986369788646698
3,s2_fi2_fu1_b1_l0,0.014894641935825348,0.31338998675346375,0.4126591682434082,0.2590562105178833
3,s2_fi2_fu1_b1_l1,0.03892694041132927,0.3729694187641144,0.3774552047252655,0.21064841747283936
3,s2_fi2_fu2_b0_l0,0.004655917640775442,0.299389511346817,0.623449981212616,0.07250460237264633
3,s2_fi2_fu2_b0_l1,0.008112643845379353,0.348321795463562,0.6037723422050476,0.03979324549436569
3,s2_fi2_fu2_b1_l0,0.0025230441242456436,0.39134645462036133,0.5153933167457581,0.09073721617460251
3,s2_fi2_fu2_b1_l1,0.010079313069581985,0.38594868779182434,0.5600948929786682,0.04387710615992546
3,s2_fi3_fu1_b0_l0,0.025016820058226585,0.24080298840999603,0.11704815924167633,0.6171320080757141
3,s2_fi3_fu1_b0_l1,0.10388023406267166,0.25184568762779236,0.19776692986488342,0.44650712609291077
3,s2_fi3_fu1_b1_l0,0.005948004312813282,0.11946729570627213,0.13485056161880493,0.7397341132164001
3,s2_fi3_fu1_b1_l1,0.026377003639936447,0.31093424558639526,0.3440296947956085,0.3186589777469635
3,s2_fi3_fu2_b0_l0,0.0057153115049004555,0.04922022670507431,0.06363599002361298,0.8814284205436707
3,s2_fi3_fu2_b0_l1,0.03387511521577835,0.13102832436561584,0.17924253642559052,0.6558539271354675
3,s2_fi3_fu2_b1_l0,0.0016759622376412153,0.06923709809780121,0.12321218848228455,0.805874764919281
3,s2_fi3_fu2_b1_l1,0.0036288516130298376,0.08819089829921722,0.08540716767311096,0.8227730989456177
4,s0_fi0_fu0_b0_l0,0.9459317326545715,0.036461081355810165,0.015963001176714897,0.001644242205657065
4,s0_fi0_fu0_b0_l1,0.9370980858802795,0.03539405018091202,0.023259595036506653,0.004248220007866621
4,s0_fi0_fu0_b1_l0,0.9091258645057678,0.054755307734012604,0.027887001633644104,0.00823182798922062
4,s0_fi0_fu0_b1_l1,0.9641684889793396,0.019832385703921318,0.013299142010509968,0.00270004291087389
4,s0_fi1_fu1_b0_l0,0.00493651581928134,0.7165232300758362,0.19292233884334564,0.08561794459819794
4,s0_fi1_fu1_b0_l1,0.002714809961616993,0.6785349249839783,0.2751305401325226,0.043619755655527115
4,s0_fi1_fu1_b1_l0,0.013689667917788029,0.3248968720436096,0.16238915920257568,0.49902427196502686
4,s0_fi1_fu1_b1_l1,0.06314985454082489,0.46539369225502014,0.27564507722854614,0.19581136107444763
4,s0_fi1_fu2_b0_l0,0.004699863959103823,0.8527277708053589,0.13937024772167206,0.003202104941010475
4,s0_fi1_fu2_b0_l1,0.001749478280544281,0.7523727416992188,0.19160011410713196,0.05427764728665352
4,s0_fi1_fu2_b1_l0,0.0043930429965257645,0.6997103691101074,0.25940757989883423,0.036488961428403854
4,s0_fi1_fu2_b1_l1,0.013624238781630993,0.7348170280456543,0.22068701684474945,0.030871696770191193
4,s0_fi2_fu1_b0_l0,0.00415405398234725,0.6825465559959412,0.28723499178886414,0.026064392179250717
4,s0_fi2_fu1_b0_l1,0.0031255700159817934,0.3867775499820709,0.34825214743614197,0.2618447542190552
4,s0_fi2_fu1_b1_l0,0.004434213507920504,0.35933804512023926,0.39346596598625183,0.24276182055473328
4,s0_fi2_fu1_b1_l1,0.01152808964252472,0.3693877160549164,0.4396953284740448,0.1793888807296753
4,s0_fi2_fu2_b0_l0,0.002548501593992114,0.4419349133968353,0.5478026270866394,0.007713980041444302
4,s0_fi2_fu2_b0_l1,0.001487455447204411,0.44678813219070435,0.4693964421749115,0.08232806622982025
4,s0_fi2_fu2_b1_l0,0.002258532913401723,0.43572166562080383,0.4718603193759918,0.09015944600105286
4,s0_fi2_fu2_b1_l1,0.0034880449529737234,0.46427518129348755,0.4840293526649475,0.04820743575692177
4,s0_fi3_fu1_b0_l0,0.001930980128236115,0.07519184052944183,0.05911269411444664,0.8637644052505493
4,s0_fi3_fu1_b0_l1,0.002147377235814929,0.14245551824569702,0.09898291528224945,0.7564141750335693
4,s0_fi3_fu1_b1_l0,0.002408933825790882,0.08686349540948868,0.08890065550804138,0.8218268752098083
4,s0_fi3_fu1_b1_l1,0.02099837362766266,0.3712259531021118,0.3124679923057556,0.29530760645866394
4,s0_fi3_fu2_b0_l0,0.002677256939932704,0.1579647958278656,0.15448972582817078,0.6848682165145874
4,s0_fi3_fu2_b0_l1,0.0011688455706462264,0.05075569823384285,0.07296717911958694,0.8751082420349121
4,s0_fi3_fu2_b1_l0,0.0017257826402783394,0.06361458450555801,0.051526863127946854,0.8831327557563782
4,s0_fi3_fu2_b1_l1,0.005116673652082682,0.23270589113235474,0.27872464060783386,0.48345279693603516
4,s1_fi0_fu0_b0_l0,0.9143374562263489,0.05304836481809616,0.028103044256567955,0.00451116356998682
4,s1_fi0_fu0_b0_l1,0.9187520742416382,0.05150885879993439,0.0275442972779274,0.0021948262583464384
4,s1_fi0_fu0_b1_l0,0.9073246121406555,0.06240278482437134,0.026089945808053017,0.004182594362646341
4,s1_fi0_fu0_b1_l1,0.9064049124717712,0.049675703048706055,0.0389050655066967,0.005014319438487291
4,s1_fi1_fu1_b0_l0,0.023952359333634377,0.7361794114112854,0.22227060794830322,0.017597701400518417
4,s1_fi1_fu1_b0_l1,0.0033961457666009665,0.6868858337402344,0.1967974305152893,0.1129206120967865
4,s1_fi1_fu1_b1_l0,0.09083278477191925,0.655543327331543,0.20226450264453888,0.05135937035083771
4,s1_fi1_fu1_b1_l1,0.01988552138209343,0.6384946703910828,0.24755634367465973,0.09406348317861557
4,s1_fi1_fu2_b0_l0,0.004735361784696579,0.897801399230957,0.08633556216955185,0.011127734556794167
4,s1_fi1_fu2_b0_l1,0.0013633815106004477,0.8700094819068909,0.10732237994670868,0.021304726600646973
4,s1_fi1_fu2_b1_l0,0.0034478476736694574,0.5366269946098328,0.32868602871894836,0.1312391608953476
4,s1_fi1_fu2_b1_l1,0.002996346913278103,0.6981587409973145,0.25662875175476074,0.042216185480356216
4,s1_fi2_fu1_b0_l0,0.004237617366015911,0.194097638130188,0.3599727153778076,0.4416920244693756
4,s1_fi2_fu1_b0_l1,0.001919980626553297,0.422495037317276,0.42871519923210144,0.14686980843544006
4,s1_fi2_fu1_b1_l0,0.0025734668597579002,0.14520256221294403,0.21174153685569763,0.640482485294342
4,s1_fi2_fu1_b1_l1,0.005616276059299707,0.3594453036785126,0.5806726217269897,0.054265838116407394
4,s1_fi2_fu2_b0_l0,0.0026343027129769325,0.38390231132507324,0.593306303024292,0.020157072693109512
4,s1_fi2_fu2_b0_l1,0.0014399721985682845,0.5333654880523682,0.44170448184013367,0.023490048944950104
4,s1_fi2_fu2_b1_l0,0.0015099967131391168,0.39030975103378296,0.47657379508018494,0.13160644471645355
4,s1_fi2_fu2_b1_l1,0.0027535210829228163,0.5000330209732056,0.4382079541683197,0.05900546908378601
4,s1_fi3_fu1_b0_l0,0.004304872825741768,0.1754780113697052,0.09128769487142563,0.7289294004440308
4,s1_fi3_fu1_b0_l1,0.0023905171547085047,0.27938124537467957,0.20491711795330048,0.5133111476898193
4,s1_fi3_fu1_b1_l0,0.009629763662815094,0.24388308823108673,0.240744486451149,0.505742609500885
4,s1_fi3_fu1_b1_l1,0.007293517701327801,0.2591843605041504,0.2915551960468292,0.4419669210910797
4,s1_fi3_fu2_b0_l0,0.00044640942360274494,0.027422256767749786,0.03173760697245598,0.9403936862945557
4,s1_fi3_fu2_b0_l1,0.0008173896931111813,0.13883289694786072,0.19299928843975067,0.6673504114151001
4,s1_fi3_fu2_b1_l0,0.002131284447386861,0.14455653727054596,0.12486429512500763,0.7284479141235352
4,s1_fi3_fu2_b1_l1,0.002574387239292264,0.1909712702035904,0.21294233202934265,0.5935119986534119
4,s2_fi0_fu0_b0_l0,0.5716628432273865,0.24273203313350677,0.11459735780954361,0.07100781053304672
4,s2_fi0_fu0_b0_l1,0.8388674855232239,0.10084748268127441,0.05791449919342995,0.002370518399402499
4,s2_fi0_fu0_b1_l0,0.7675690054893494,0.13321785628795624,0.09672591835260391,0.0024872578214854
4,s2_fi0_fu0_b1_l1,0.8088445067405701,0.11483453959226608,0.0751645639538765,0.001156393438577652
4,s2_fi1_fu1_b0_l0,0.01395374070852995,0.6633585095405579,0.12885046005249023,0.19383729994297028
4,s2_fi1_fu1_b0_l1,0.047214243561029434,0.6297580599784851,0.2794577181339264,0.04357000067830086
4,s2_fi1_fu1_b1_l0,0.047104109078645706,0.35205942392349243,0.37943363189697266,0.22140276432037354
4,s2_fi1_fu1_b1_l1,0.0359937883913517,0.535258948802948,0.295536071062088,0.1332111954689026
4,s2_fi1_fu2_b0_l0,0.007386114448308945,0.4921203553676605,0.45583632588386536,0.04465720057487488
4,s2_fi1_fu2_b0_l1,0.052426934242248535,0.63707435131073,0.2820545732975006,0.028444161638617516
4,s2_fi1_fu2_b1_l0,0.013859529979526997,0.7840110659599304,0.19465018808841705,0.0074792662635445595
4,s2_fi1_fu2_b1_l1,0.03683628886938095,0.5484338402748108,0.27105778455734253,0.14367203414440155
4,s2_fi2_fu1_b0_l0,0.022841904312372208,0.23997503519058228,0.3444502055644989,0.3927328288555145
4,s2_fi2_fu1_b0_l1,0.020298520103096962,0.42140886187553406,0.40905797481536865,0.1492346227169037
4,s2_fi2_fu1_b1_l0,0.0166927557438612,0.3767603933811188,0.48164740204811096,0.12489953637123108
4,s2_fi2_fu1_b1_l1,0.015745356678962708,0.4057738780975342,0.4358363747596741,0.14264442026615143
4,s2_fi2_fu2_b0_l0,0.012075718492269516,0.28854817152023315,0.5044710040092468,0.19490517675876617
4,s2_fi2_fu2_b0_l1,0.02664133347570896,0.5231162309646606,0.39410895109176636,0.05613348260521889
4,s2_fi2_fu2_b1_l0,0.004999187774956226,0.367654412984848,0.4924962520599365,0.1348501443862915
4,s2_fi2_fu2_b1_l1,0.007027976680546999,0.25641217827796936,0.544213056564331,0.19234676659107208
4,s2_fi3_fu1_b0_l0,0.012661098502576351,0.1700545698404312,0.16437217593193054,0.6529120802879333
4,s2_fi3_fu1_b0_l1,0.022821204736828804,0.09565387666225433,0.11903532594442368,0.7624896168708801
4,s2_fi3_fu1_b1_l0,0.015413121320307255,0.2314705103635788,0.23382842540740967,0.5192879438400269
4,s2_fi3_fu1_b1_l1,0.01728474162518978,0.3232893943786621,0.22676561772823334,0.43266019225120544
4,s2_fi3_fu2_b0_l0,0.011758794076740742,0.3302772641181946,0.22021746635437012,0.43774646520614624
4,s2_fi3_fu2_b0_l1,0.020173117518424988,0.09088402986526489,0.11908593028783798,0.7698569893836975
4,s2_fi3_fu2_b1_l0,0.00265049422159791,0.07996635884046555,0.11736485362052917,0.800018310546875
4,s2_fi3_fu2_b1_l1,0.004505567718297243,0.12566326558589935,0.12484607100486755,0.7449851036071777
6,s0_fi0_fu0_b0_l0,0.9602004885673523,0.018423838540911674,0.013167931698262691,0.008207731880247593
6,s0_fi0_fu0_b0_l1,0.9236714839935303,0.04320522025227547,0.030502300709486008,0.00262097897939384
6,s0_fi0_fu0_b1_l0,0.8729848861694336,0.07647240906953812,0.04157864674925804,0.008963963016867638
6,s0_fi0_fu0_b1_l1,0.9292834401130676,0.037688396871089935,0.030795898288488388,0.0022322970908135176
6,s0_fi1_fu1_b0_l0,0.007628975436091423,0.604806125164032,0.2923034131526947,0.09526145458221436
6,s0_fi1_fu1_b0_l1,0.0030024400912225246,0.4245007634162903,0.3404957354068756,0.23200106620788574
6,s0_fi1_fu1_b1_l0,0.002671006368473172,0.4293850064277649,0.44516077637672424,0.12278323620557785
6,s0_fi1_fu1_b1_l1,0.01790166087448597,0.6486616730690002,0.2748050391674042,0.05863167345523834
6,s0_fi1_fu2_b0_l0,0.0025153406895697117,0.6852622032165527,0.26197320222854614,0.05024920776486397
6,s0_fi1_fu2_b0_l1,0.0020268738735467196,0.5930991172790527,0.3147321939468384,0.09014180302619934
6,s0_fi1_fu2_b1_l0,0.002266707830131054,0.6955170631408691,0.264961838722229,0.03725438565015793
6,s0_fi1_fu2_b1_l1,0.004466488491743803,0.6955540776252747,0.27284106612205505,0.027138369157910347
6,s0_fi2_fu1_b0_l0,0.005503459833562374,0.21647845208644867,0.24827179312705994,0.5297463536262512
6,s0_fi2_fu1_b0_l1,0.0016441773623228073,0.30929654836654663,0.433937668800354,0.2551216185092926
6,s0_fi2_fu1_b1_l0,0.004009240306913853,0.3374762237071991,0.3671450614929199,0.2913694679737091
6,s0_fi2_fu1_b1_l1,0.00501966429874301,0.4456888735294342,0.4612356424331665,0.0880558118224144
6,s0_fi2_fu2_b0_l0,0.010083654895424843,0.39816397428512573,0.3392404019832611,0.25251197814941406
6,s0_fi2_fu2_b0_l1,0.001449899049475789,0.04504070430994034,0.8056751489639282,0.14783430099487305
6,s0_fi2_fu2_b1_l0,0.0035087373107671738,0.15119926631450653,0.7186325788497925,0.12665940821170807
6,s0_fi2_fu2_b1_l1,0.004225637298077345,0.4972706735134125,0.4263395369052887,0.07216410338878632
6,s0_fi3_fu1_b0_l0,0.020575590431690216,0.11529064923524857,0.12311098724603653,0.7410228252410889
6,s0_fi3_fu1_b0_l1,0.0014403127133846283,0.056292708963155746,0.07662416249513626,0.8656427264213562
6,s0_fi3_fu1_b1_l0,0.003339785384014249,0.05234402045607567,0.05465410649776459,0.8896620869636536
6,s0_fi3_fu1_b1_l1,0.0015636136522516608,0.07967206090688705,0.08747598528862,0.8312883377075195
6,s0_fi3_fu2_b0_l0,0.0031895621214061975,0.053854383528232574,0.038010548800230026,0.9049455523490906
6,s0_fi3_fu2_b0_l1,0.0042528086341917515,0.12592965364456177,0.12866391241550446,0.7411536574363708
6,s0_fi3_fu2_b1_l0,0.002366906264796853,0.0423462875187397,0.0406365804374218,0.9146502017974854
6,s0_fi3_fu2_b1_l1,0.0021493707317858934,0.09788506478071213,0.14295898377895355,0.7570066452026367
6,s1_fi0_fu0_b0_l0,0.9417640566825867,0.029791170731186867,0.024401700124144554,0.0040430896915495396
6,s1_fi0_fu0_b0_l1,0.9455599784851074,0.030908705666661263,0.02260308898985386,0.000928281107917428
6,s1_fi0_fu0_b1_l0,0.9442917108535767,0.029364679008722305,0.021083282306790352,0.005260380916297436
6,s1_fi0_fu0_b1_l1,0.9487766623497009,0.02949562482535839,0.01960155926644802,0.00212612166069448
6,s1_fi1_fu1_b0_l0,0.009023568592965603,0.6277062296867371,0.2909552752971649,0.07231493294239044
6,s1_fi1_fu1_b0_l1,0.008114905096590519,0.5589134693145752,0.22487641870975494,0.20809520781040192
6,s1_fi1_fu1_b1_l0,0.009050318971276283,0.5692081451416016,0.19104565680027008,0.23069587349891663
6,s1_fi1_fu1_b1_l1,0.007636689115315676,0.6433669924736023,0.2987067699432373,0.050289563834667206
6,s1_fi1_fu2_b0_l0,0.00397145701572299,0.6093745231628418,0.2511768341064453,0.1354771852493286
6,s1_fi1_fu2_b0_l1,0.002589568728581071,0.7445181608200073,0.20973747968673706,0.043154891580343246
6,s1_fi1_fu2_b1_l0,0.00289306347258389,0.6202830076217651,0.24747003614902496,0.12935395538806915
6,s1_fi1_fu2_b1_l1,0.003643481992185116,0.5487157702445984,0.38274896144866943,0.06489177793264389
6,s1_fi2_fu1_b0_l0,0.005998111795634031,0.28827184438705444,0.5562200546264648,0.1495099663734436
6,s1_fi2_fu1_b0_l1,0.0044427067041397095,0.408438116312027,0.5181516408920288,0.0689675360918045
6,s1_fi2_fu1_b1_l0,0.004140655044466257,0.35637691617012024,0.3008738160133362,0.33860859274864197
6,s1_fi2_fu1_b1_l1,0.006713537499308586,0.39972808957099915,0.40599364042282104,0.18756477534770966
6,s1_fi2_fu2_b0_l0,0.0037929201498627663,0.27150148153305054,0.5310874581336975,0.19361811876296997
6,s1_fi2_fu2_b0_l1,0.003668062388896942,0.37645334005355835,0.5253663063049316,0.09451224654912949
6,s1_fi2_fu2_b1_l0,0.0022411260288208723,0.14758366346359253,0.2378416806459427,0.6123335361480713
6,s1_fi2_fu2_b1_l1,0.002687349682673812,0.43471282720565796,0.3862767517566681,0.17632310092449188
6,s1_fi3_fu1_b0_l0,0.0016367387725040317,0.03442192077636719,0.05609419196844101,0.9078472256660461
6,s1_fi3_fu1_b0_l1,0.0036032686475664377,0.09459266066551208,0.09116870164871216,0.8106353878974915
6,s1_fi3_fu1_b1_l0,0.001152414595708251,0.028629902750253677,0.03636861592531204,0.933849036693573
6,s1_fi3_fu1_b1_l1,0.004424318205565214,0.11164610832929611,0.13332034647464752,0.750609278678894
6,s1_fi3_fu2_b0_l0,0.0007929055136628449,0.01188510749489069,0.025535790249705315,0.9617862105369568
6,s1_fi3_fu2_b0_l1,0.003730115480720997,0.1739717423915863,0.22127412259578705,0.6010240316390991
6,s1_fi3_fu2_b1_l0,0.0014322950737550855,0.05239378660917282,0.06306036561727524,0.8831136226654053
6,s1_fi3_fu2_b1_l1,0.0019709933549165726,0.1392010897397995,0.10324734449386597,0.7555806040763855
6,s2_fi0_fu0_b0_l0,0.7928431630134583,0.13653452694416046,0.05544295534491539,0.015179377049207687
6,s2_fi0_fu0_b0_l1,0.9505695700645447,0.03677564859390259,0.011642733588814735,0.001012066495604813
6,s2_fi0_fu0_b1_l0,0.8606452941894531,0.09527294337749481,0.04326117783784866,0.0008205855265259743
6,s2_fi0_fu0_b1_l1,0.8544836640357971,0.09774771332740784,0.04586458206176758,0.0019040921470150352
6,s2_fi1_fu1_b0_l0,0.010974571108818054,0.5897775888442993,0.19471704959869385,0.20453079044818878
6,s2_fi1_fu1_b0_l1,0.1364068239927292,0.5631352663040161,0.27473223209381104,0.025725672021508217
6,s2_fi1_fu1_b1_l0,0.007044665049761534,0.7328458428382874,0.23594532907009125,0.02416420169174671
6,s2_fi1_fu1_b1_l1,0.04549363628029823,0.4782311022281647,0.41697096824645996,0.059304241091012955
6,s2_fi1_fu2_b0_l0,0.01989777572453022,0.7282336354255676,0.20603568851947784,0.04583284631371498
6,s2_fi1_fu2_b0_l1,0.04638934135437012,0.5911552906036377,0.24494342505931854,0.11751192063093185
6,s2_fi1_fu2_b1_l0,0.005051508080214262,0.6695647239685059,0.28940093517303467,0.03598285838961601
6,s2_fi1_fu2_b1_l1,0.0062652151100337505,0.5011631846427917,0.42909690737724304,0.06347469985485077
6,s2_fi2_fu1_b0_l0,0.0038094015326350927,0.41043999791145325,0.5617547035217285,0.023995883762836456
6,s2_fi2_fu1_b0_l1,0.0355968102812767,0.21896784007549286,0.31052684783935547,0.4349084794521332
6,s2_fi2_fu1_b1_l0,0.005971134174615145,0.43592944741249084,0.339582622051239,0.21851672232151031
6,s2_fi2_fu1_b1_l1,0.03553331270813942,0.41017019748687744,0.46497228741645813,0.08932413905858994
6,s2_fi2_fu2_b0_l0,0.003074804786592722,0.18248218297958374,0.7075930833816528,0.10684995353221893
6,s2_fi2_fu2_b0_l1,0.020940568298101425,0.23974530398845673,0.5777267217636108,0.1615874022245407
6,s2_fi2_fu2_b1_l0,0.0018697917694225907,0.33032873272895813,0.6365636587142944,0.03123779222369194
6,s2_fi2_fu2_b1_l1,0.00930824689567089,0.36507371068000793,0.5613671541213989,0.0642509013414383
6,s2_fi3_fu1_b0_l0,0.014802362769842148,0.12394177168607712,0.11693450808525085,0.744321346282959
6,s2_fi3_fu1_b0_l1,0.04915498569607735,0.15782031416893005,0.1706160008907318,0.6224086284637451
6,s2_fi3_fu1_b1_l0,0.016518723219633102,0.2752433121204376,0.20745037496089935,0.500787615776062
6,s2_fi3_fu1_b1_l1,0.013539208099246025,0.25654491782188416,0.2708680331707001,0.4590478241443634
6,s2_fi3_fu2_b0_l0,0.004523315466940403,0.07290017604827881,0.05927296355366707,0.863303542137146
6,s2_fi3_fu2_b0_l1,0.037341076880693436,0.14079104363918304,0.1727093905210495,0.6491584181785583
6,s2_fi3_fu2_b1_l0,0.005272611044347286,0.12751682102680206,0.1698724329471588,0.6973381042480469
6,s2_fi3_fu2_b1_l1,0.005791922565549612,0.11084187775850296,0.15686793625354767,0.7264983057975769
7,s0_fi0_fu0_b0_l0,0.7381094694137573,0.177331805229187,0.0840347409248352,0.0005239901947788894
7,s0_fi0_fu0_b0_l1,0.3144155442714691,0.40329909324645996,0.27908429503440857,0.0032010232098400593
7,s0_fi0_fu0_b1_l0,0.15857842564582825,0.469136118888855,0.37108808755874634,0.001197307021357119
7,s0_fi0_fu0_b1_l1,0.25731924176216125,0.42402008175849915,0.31318536400794983,0.005475311540067196
7,s0_fi1_fu1_b0_l0,0.2895981967449188,0.45923978090286255,0.2502855062484741,0.0008766039391048253
7,s0_fi1_fu1_b0_l1,0.1846836507320404,0.5502516627311707,0.2624077796936035,0.002656920114532113
7,s0_fi1_fu1_b1_l0,0.15344800055027008,0.505923867225647,0.33961889147758484,0.0010092542506754398
7,s0_fi1_fu1_b1_l1,0.05539156496524811,0.5574218034744263,0.3832123279571533,0.003974318038672209
7,s0_fi1_fu2_b0_l0,0.22298066318035126,0.588814377784729,0.18659712374210358,0.001607800368219614
7,s0_fi1_fu2_b0_l1,0.2741534411907196,0.49765297770500183,0.22521717846393585,0.0029764403589069843
7,s0_fi1_fu2_b1_l0,0.0649140328168869,0.50210040807724,0.43112143874168396,0.001864126999862492
7,s0_fi1_fu2_b1_l1,0.08511325716972351,0.49385353922843933,0.41502487659454346,0.0060082911513745785
7,s0_fi2_fu1_b0_l0,0.3219064772129059,0.3078441023826599,0.3688175678253174,0.0014318841276690364
7,s0_fi2_fu1_b0_l1,0.06860155612230301,0.2639615833759308,0.6604434251785278,0.006993371061980724
7,s0_fi2_fu1_b1_l0,0.12882909178733826,0.32522088289260864,0.5440940260887146,0.0018560054013505578
7,s0_fi2_fu1_b1_l1,0.049115829169750214,0.5200946927070618,0.42630505561828613,0.00448446674272418
7,s0_fi2_fu2_b0_l0,0.04769482463598251,0.4287382960319519,0.5206589698791504,0.00290798326022923
7,s0_fi2_fu2_b0_l1,0.07164107263088226,0.2675938904285431,0.6555328965187073,0.005232188850641251
7,s0_fi2_fu2_b1_l0,0.0573434978723526,0.4322488605976105,0.5090207457542419,0.0013869127724319696
7,s0_fi2_fu2_b1_l1,0.02693319506943226,0.420931875705719,0.5346495509147644,0.017485361546278
7,s1_fi0_fu0_b0_l0,0.5164514780044556,0.3386979401111603,0.1434106081724167,0.0014399701030924916
7,s1_fi0_fu0_b0_l1,0.19060316681861877,0.45550572872161865,0.35121482610702515,0.0026762238703668118
7,s1_fi0_fu0_b1_l0,0.1914539933204651,0.5143579244613647,0.278687447309494,0.015500618144869804
7,s1_fi0_fu0_b1_l1,0.31240665912628174,0.3655521869659424,0.31938430666923523,0.0026568423490971327
7,s1_fi1_fu1_b0_l0,0.3758561909198761,0.4150685966014862,0.20682086050510406,0.0022543021477758884
7,s1_fi1_fu1_b0_l1,0.14114156365394592,0.4261537492275238,0.4300249218940735,0.002679826458916068
7,s1_fi1_fu1_b1_l0,0.13855984807014465,0.5495723485946655,0.30507931113243103,0.006788522470742464
7,s1_fi1_fu1_b1_l1,0.5104042291641235,0.27420732378959656,0.21358010172843933,0.001808343455195427
7,s1_fi1_fu2_b0_l0,0.07667813450098038,0.5088938474655151,0.40724796056747437,0.007180112414062023
7,s1_fi1_fu2_b0_l1,0.25879114866256714,0.49648791551589966,0.2410501390695572,0.003670915961265564
7,s1_fi1_fu2_b1_l0,0.08968544006347656,0.5065842270851135,0.3957991302013397,0.007931184954941273
7,s1_fi1_fu2_b1_l1,0.22921109199523926,0.5082224607467651,0.2603763937950134,0.0021900294814258814
7,s1_fi2_fu1_b0_l0,0.14335909485816956,0.3270161747932434,0.5223396420478821,0.0072851115837693214
7,s1_fi2_fu1_b0_l1,0.17012138664722443,0.4855177104473114,0.34204190969467163,0.00231899949721992
7,s1_fi2_fu1_b1_l0,0.17979580163955688,0.4679844379425049,0.3432202637195587,0.0089995376765728
7,s1_fi2_fu1_b1_l1,0.2596646547317505,0.3638056814670563,0.37456533312797546,0.0019642990082502365
7,s1_fi2_fu2_b0_l0,0.07836217433214188,0.3554719090461731,0.5612431764602661,0.004922702442854643
7,s1_fi2_fu2_b0_l1,0.26797720789909363,0.44546762108802795,0.28331756591796875,0.0032376113813370466
7,s1_fi2_fu2_b1_l0,0.13620257377624512,0.43391653895378113,0.421157568693161,0.008723287843167782
7,s1_fi2_fu2_b1_l1,0.21468879282474518,0.37829118967056274,0.4051428437232971,0.0018771965987980366
7,s2_fi0_fu0_b0_l0,0.7802391648292542,0.16396601498126984,0.05502091348171234,0.0007738700951449573
7,s2_fi0_fu0_b0_l1,0.6641917824745178,0.227884441614151,0.09730439633131027,0.010619343258440495
7,s2_fi0_fu0_b1_l0,0.571802020072937,0.27586308121681213,0.15040472149848938,0.0019301694119349122
7,s2_fi0_fu0_b1_l1,0.33439207077026367,0.3288506269454956,0.33271345496177673,0.004043844528496265
7,s2_fi1_fu1_b0_l0,0.20865656435489655,0.6288012266159058,0.16009405255317688,0.002448172541335225
7,s2_fi1_fu1_b0_l1,0.2505778670310974,0.5196155905723572,0.22446277737617493,0.005343704018741846
7,s2_fi1_fu1_b1_l0,0.3080146908760071,0.40177053213119507,0.2870688736438751,0.0031459424644708633
7,s2_fi1_fu1_b1_l1,0.12525005638599396,0.6060183048248291,0.26429200172424316,0.004439592361450195
7,s2_fi1_fu2_b0_l0,0.27103543281555176,0.5475274324417114,0.1767655462026596,0.0046715810894966125
7,s2_fi1_fu2_b0_l1,0.2887939214706421,0.440340131521225,0.26213908195495605,0.008726941421627998
7,s2_fi1_fu2_b1_l0,0.32089763879776,0.41699331998825073,0.25824326276779175,0.003865828039124608
7,s2_fi1_fu2_b1_l1,0.15557335317134857,0.5697343945503235,0.2651040554046631,0.009588213637471199
7,s2_fi2_fu1_b0_l0,0.2408979833126068,0.48419836163520813,0.26948991417884827,0.005413767881691456
7,s2_fi2_fu1_b0_l1,0.17137742042541504,0.46402987837791443,0.3538682758808136,0.010724445804953575
7,s2_fi2_fu1_b1_l0,0.14453279972076416,0.3783668279647827,0.469763845205307,0.00733648706227541
7,s2_fi2_fu1_b1_l1,0.1128203421831131,0.5511146783828735,0.3259429335594177,0.010122083127498627
7,s2_fi2_fu2_b0_l0,0.20639316737651825,0.3183659315109253,0.4517989456653595,0.023441951721906662
7,s2_fi2_fu2_b0_l1,0.09701891988515854,0.2884230315685272,0.5990437865257263,0.01551422942429781
7,s2_fi2_fu2_b1_l0,0.11304757744073868,0.3450213074684143,0.5187395811080933,0.02319151535630226
7,s2_fi2_fu2_b1_l1,0.11376914381980896,0.5700717568397522,0.31216859817504883,0.003990584518760443
9,s0_fi0_fu0_b0_l0,0.7501828074455261,0.135765939950943,0.11318422853946686,0.0008670001989230514
9,s0_fi0_fu0_b0_l1,0.27595803141593933,0.4398457407951355,0.27946171164512634,0.004734477028250694
9,s0_fi0_fu0_b1_l0,0.617324948310852,0.2353864312171936,0.14104077219963074,0.006247745361179113
9,s0_fi0_fu0_b1_l1,0.6612318158149719,0.15871870517730713,0.1758943647146225,0.004155107773840427
9,s0_fi1_fu1_b0_l0,0.39661043882369995,0.40767931938171387,0.18815071880817413,0.007559488993138075
9,s0_fi1_fu1_b0_l1,0.33867987990379333,0.44108957052230835,0.21675440669059753,0.0034761943388730288
9,s0_fi1_fu1_b1_l0,0.41887137293815613,0.36117538809776306,0.21209755539894104,0.007855769246816635
9,s0_fi1_fu1_b1_l1,0.3425027132034302,0.32445529103279114,0.32494470477104187,0.008097238838672638
9,s0_fi1_fu2_b0_l0,0.2747044563293457,0.45720186829566956,0.26351138949394226,0.004582271911203861
9,s0_fi1_fu2_b0_l1,0.28722167015075684,0.48928749561309814,0.2183067947626114,0.005184037145227194
9,s0_fi1_fu2_b1_l0,0.3155963718891144,0.41077420115470886,0.26171016693115234,0.011919256299734116
9,s0_fi1_fu2_b1_l1,0.458305686712265,0.2971968352794647,0.24007855355739594,0.0044189258478581905
9,s0_fi2_fu1_b0_l0,0.10120967030525208,0.5845696330070496,0.3039095103740692,0.010311159305274487
9,s0_fi2_fu1_b0_l1,0.23702839016914368,0.4506284296512604,0.30766740441322327,0.004675759002566338
9,s0_fi2_fu1_b1_l0,0.3887381851673126,0.35442695021629333,0.24508027732372284,0.01175458263605833
9,s0_fi2_fu1_b1_l1,0.4863743782043457,0.2738582193851471,0.23499703407287598,0.004770418629050255
9,s0_fi2_fu2_b0_l0,0.2788982689380646,0.3832908272743225,0.33127057552337646,0.006540392525494099
9,s0_fi2_fu2_b0_l1,0.1489546000957489,0.43921059370040894,0.40552467107772827,0.006310094613581896
9,s0_fi2_fu2_b1_l0,0.3110657036304474,0.3955744504928589,0.2858799695968628,0.007479912135750055
9,s0_fi2_fu2_b1_l1,0.3974255919456482,0.2722336947917938,0.3209788203239441,0.00936190690845251
9,s1_fi0_fu0_b0_l0,0.7918585538864136,0.13419432938098907,0.07315444201231003,0.0007926392718218267
9,s1_fi0_fu0_b0_l1,0.3708515167236328,0.3568355441093445,0.2685685157775879,0.0037444334011524916
9,s1_fi0_fu0_b1_l0,0.35887885093688965,0.36586931347846985,0.2551806569099426,0.02007112093269825
9,s1_fi0_fu0_b1_l1,0.4085220396518707,0.31888729333877563,0.2681475579738617,0.004443155135959387
9,s1_fi1_fu1_b0_l0,0.3602815866470337,0.3908371031284332,0.24568624794483185,0.003195067634806037
9,s1_fi1_fu1_b0_l1,0.18631714582443237,0.46295610070228577,0.34331071376800537,0.007416036911308765
9,s1_fi1_fu1_b1_l0,0.42169904708862305,0.35703420639038086,0.19168515503406525,0.029581574723124504
9,s1_fi1_fu1_b1_l1,0.16613873839378357,0.49460235238075256,0.3332294821739197,0.006029400508850813
9,s1_fi1_fu2_b0_l0,0.38166049122810364,0.3699677288532257,0.24202777445316315,0.006344023626297712
9,s1_fi1_fu2_b0_l1,0.1870543658733368,0.5950019955635071,0.21532082557678223,0.0026227692142128944
9,s1_fi1_fu2_b1_l0,0.40904274582862854,0.3772241473197937,0.19745264947414398,0.016280483454465866
9,s1_fi1_fu2_b1_l1,0.321416437625885,0.40802884101867676,0.26732757687568665,0.003227096749469638
9,s1_fi2_fu1_b0_l0,0.4770037531852722,0.2952084541320801,0.22514870762825012,0.0026391264982521534
9,s1_fi2_fu1_b0_l1,0.17950017750263214,0.4457506835460663,0.36611291766166687,0.00863620825111866
9,s1_fi2_fu1_b1_l0,0.15879853069782257,0.36671116948127747,0.4296397566795349,0.044850606471300125
9,s1_fi2_fu1_b1_l1,0.2906841039657593,0.3908535838127136,0.314921110868454,0.003541182493790984
9,s1_fi2_fu2_b0_l0,0.3498453199863434,0.3770451545715332,0.2671087682247162,0.006000795867294073
9,s1_fi2_fu2_b0_l1,0.5687601566314697,0.22148118913173676,0.20564210414886475,0.004116533789783716
9,s1_fi2_fu2_b1_l0,0.1761418879032135,0.32861098647117615,0.4464181661605835,0.048828933387994766
9,s1_fi2_fu2_b1_l1,0.1481265127658844,0.5031372904777527,0.34208089113235474,0.006655275356024504
9,s2_fi0_fu0_b0_l0,0.15717045962810516,0.4658437669277191,0.3718700706958771,0.005115675274282694
9,s2_fi0_fu0_b0_l1,0.6310815215110779,0.21729044616222382,0.1488923877477646,0.002735688118264079
9,s2_fi0_fu0_b1_l0,0.4709622263908386,0.32756102085113525,0.19972006976604462,0.0017567131435498595
9,s2_fi0_fu0_b1_l1,0.4763759970664978,0.34110987186431885,0.17840655148029327,0.004107469692826271
9,s2_fi1_fu1_b0_l0,0.36415770649909973,0.471171110868454,0.16119693219661713,0.003474265569821
9,s2_fi1_fu1_b0_l1,0.5610297918319702,0.24557897448539734,0.1890111118555069,0.0043801199644804
9,s2_fi1_fu1_b1_l0,0.3047371208667755,0.4762536585330963,0.2170306295156479,0.0019786518532782793
9,s2_fi1_fu1_b1_l1,0.32797157764434814,0.4410194456577301,0.22613617777824402,0.004872800316661596
9,s2_fi1_fu2_b0_l0,0.11956603825092316,0.41541945934295654,0.43183860182762146,0.033175837248563766
9,s2_fi1_fu2_b0_l1,0.4915117919445038,0.32139575481414795,0.18491020798683167,0.0021822364069521427
9,s2_fi1_fu2_b1_l0,0.23856934905052185,0.5955110788345337,0.1643616259098053,0.0015579320024698973
9,s2_fi1_fu2_b1_l1,0.36273545026779175,0.36602649092674255,0.2660619020462036,0.005176224280148745
9,s2_fi2_fu1_b0_l0,0.189658522605896,0.47722843289375305,0.30946752429008484,0.023645499721169472
9,s2_fi2_fu1_b0_l1,0.3988714814186096,0.35697388648986816,0.23929128050804138,0.004863319452852011
9,s2_fi2_fu1_b1_l0,0.314299076795578,0.41358301043510437,0.2695063650608063,0.002611517673358321
9,s2_fi2_fu1_b1_l1,0.3888973891735077,0.3552287518978119,0.24742427468299866,0.008449522778391838
9,s2_fi2_fu2_b0_l0,0.23451463878154755,0.3963828682899475,0.33641135692596436,0.03269118815660477
9,s2_fi2_fu2_b0_l1,0.37244758009910583,0.3208979368209839,0.3025605082511902,0.004093935713171959
9,s2_fi2_fu2_b1_l0,0.3242526948451996,0.31995317339897156,0.35223567485809326,0.003558490425348282
9,s2_fi2_fu2_b1_l1,0.39023226499557495,0.4059959948062897,0.20079146325588226,0.0029803519137203693
