Object,Sequence,flvl_prob_0,flvl_prob_1,flvl_prob_2
1,s0_fi0_fu0_b0_l0,0.9651268124580383,0.018236404284834862,0.016636818647384644
1,s0_fi0_fu0_b0_l1,0.9674980640411377,0.016714053228497505,0.01578788086771965
1,s0_fi0_fu0_b1_l0,0.961346447467804,0.02064148150384426,0.018012134358286858
1,s0_fi0_fu0_b1_l1,0.9779850244522095,0.010596348904073238,0.011418579146265984
1,s0_fi1_fu1_b0_l0,0.0012442560400813818,0.6445768475532532,0.35417893528938293
1,s0_fi1_fu1_b0_l1,0.0009120517643168569,0.45255982875823975,0.5465281009674072
1,s0_fi1_fu1_b1_l0,0.000553853577002883,0.23740215599536896,0.7620439529418945
1,s0_fi1_fu1_b1_l1,0.001254645874723792,0.6521406769752502,0.34660467505455017
1,s0_fi1_fu2_b0_l0,0.00037907453952357173,0.1212572529911995,0.8783637285232544
1,s0_fi1_fu2_b0_l1,0.0003818634431809187,0.11028816550970078,0.8893299102783203
1,s0_fi1_fu2_b1_l0,0.00039499616832472384,0.019420627504587173,0.9801843762397766
1,s0_fi1_fu2_b1_l1,0.00030087720369920135,0.06500257551670074,0.9346965551376343
1,s0_fi2_fu1_b0_l0,0.001530822366476059,0.728674054145813,0.26979517936706543
1,s0_fi2_fu1_b0_l1,0.0020456479396671057,0.8140709400177002,0.1838834285736084
1,s0_fi2_fu1_b1_l0,0.000539512257091701,0.220468670129776,0.7789917588233948
1,s0_fi2_fu1_b1_l1,0.0014125686138868332,0.7120428085327148,0.2865445613861084
1,s0_fi2_fu2_b0_l0,0.0006251313607208431,0.2875106930732727,0.711864173412323
1,s0_fi2_fu2_b0_l1,0.00046844419557601213,0.12153896689414978,0.877992570400238
1,s0_fi2_fu2_b1_l0,0.00034184035030193627,0.12949815392494202,0.8701601028442383
1,s0_fi2_fu2_b1_l1,0.0003008191706612706,0.048456329852342606,0.9512428045272827
1,s0_fi3_fu1_b0_l0,0.0018188877729699016,0.7800542116165161,0.21812684834003448
1,s0_fi3_fu1_b0_l1,0.0023442793171852827,0.7492013573646545,0.24845437705516815
1,s0_fi3_fu1_b1_l0,0.0004989634617231786,0.17313508689403534,0.8263660073280334
1,s0_fi3_fu1_b1_l1,0.0010602863039821386,0.5593923330307007,0.4395473599433899
1,s0_fi3_fu2_b0_l0,0.0005395501502789557,0.207868754863739,0.7915917038917542
1,s0_fi3_fu2_b0_l1,0.0008217726135626435,0.4008212983608246,0.5983569025993347
1,s0_fi3_fu2_b1_l0,0.0003726692229975015,0.14543713629245758,0.8541901707649231
1,s0_fi3_fu2_b1_l1,0.0007510260329581797,0.36464089155197144,0.6346080899238586
1,s1_fi0_fu0_b0_l0,0.5366781949996948,0.25112059712409973,0.21220120787620544
1,s1_fi0_fu0_b0_l1,0.915507435798645,0.04485555365681648,0.03963702917098999
1,s1_fi0_fu0_b1_l0,0.7036617398262024,0.1583498865365982,0.13798831403255463
1,s1_fi0_fu0_b1_l1,0.9676278829574585,0.016732022166252136,0.015640098601579666
1,s1_fi1_fu1_b0_l0,0.0031092010904103518,0.8137136101722717,0.18317721784114838
1,s1_fi1_fu1_b0_l1,0.0019469589460641146,0.8008434772491455,0.19720956683158875
1,s1_fi1_fu1_b1_l0,0.0020556736271828413,0.7983006834983826,0.19964368641376495
1,s1_fi1_fu1_b1_l1,0.0017004316905513406,0.7588620781898499,0.23943747580051422
1,s1_fi1_fu2_b0_l0,0.002159553114324808,0.7218859791755676,0.2759545147418976
1,s1_fi1_fu2_b0_l1,0.00032920000376179814,0.08551956713199615,0.9141511917114258
1,s1_fi1_fu2_b1_l0,0.00048515558592043817,0.20089024305343628,0.798624575138092
1,s1_fi1_fu2_b1_l1,0.0005016044597141445,0.028301313519477844,0.9711970686912537
1,s1_fi2_fu1_b0_l0,0.003917127847671509,0.7984838485717773,0.19759899377822876
1,s1_fi2_fu1_b0_l1,0.0010557264322414994,0.5573582649230957,0.4415860176086426
1,s1_fi2_fu1_b1_l0,0.0019495509332045913,0.7927446961402893,0.20530575513839722
1,s1_fi2_fu1_b1_l1,0.001406985567882657,0.7034961581230164,0.2950967848300934
1,s1_fi2_fu2_b0_l0,0.0013304754393175244,0.6840102076530457,0.31465932726860046
1,s1_fi2_fu2_b0_l1,0.00039795745396986604,0.11855493485927582,0.8810470700263977
1,s1_fi2_fu2_b1_l0,0.0003707915893755853,0.14325092732906342,0.8563782572746277
1,s1_fi2_fu2_b1_l1,0.0002506995515432209,0.043423041701316833,0.9563262462615967
1,s1_fi3_fu1_b0_l0,0.0034164555836468935,0.8155512809753418,0.1810322403907776
1,s1_fi3_fu1_b0_l1,0.0010091931326314807,0.4848049283027649,0.514185905456543
1,s1_fi3_fu1_b1_l0,0.0019029955146834254,0.7921665906906128,0.20593038201332092
1,s1_fi3_fu1_b1_l1,0.0025432463735342026,0.8125244379043579,0.18493227660655975
1,s1_fi3_fu2_b0_l0,0.001625605276785791,0.7499703168869019,0.24840404093265533
1,s1_fi3_fu2_b0_l1,0.00036266373354010284,0.09058602154254913,0.9090512990951538
1,s1_fi3_fu2_b1_l0,0.0006507306243292987,0.29590901732444763,0.703440248966217
1,s1_fi3_fu2_b1_l1,0.0004343576729297638,0.12723049521446228,0.8723350763320923
1,s2_fi0_fu0_b0_l0,0.9687476754188538,0.01633123867213726,0.014921065419912338
1,s2_fi0_fu0_b0_l1,0.005248520523309708,0.7188019156455994,0.275949627161026
1,s2_fi0_fu0_b1_l0,0.86916583776474,0.06682667881250381,0.06400750577449799
1,s2_fi0_fu0_b1_l1,0.04993331432342529,0.613913893699646,0.33615273237228394
1,s2_fi1_fu1_b0_l0,0.0011528721079230309,0.6152264475822449,0.38362064957618713
1,s2_fi1_fu1_b0_l1,0.0012580305337905884,0.6546690464019775,0.34407293796539307
1,s2_fi1_fu1_b1_l0,0.0021464747842401266,0.800581693649292,0.19727183878421783
1,s2_fi1_fu1_b1_l1,0.0016177137149497867,0.7488580942153931,0.24952419102191925
1,s2_fi1_fu2_b0_l0,0.0004393357376102358,0.17957183718681335,0.8199889063835144
1,s2_fi1_fu2_b0_l1,0.00026365616940893233,0.05157831311225891,0.9481580257415771
1,s2_fi1_fu2_b1_l0,0.0003117266169283539,0.012177861295640469,0.9875104427337646
1,s2_fi1_fu2_b1_l1,0.0003194068849552423,0.03709449991583824,0.9625860452651978
1,s2_fi2_fu1_b0_l0,0.0005151351215317845,0.15958121418952942,0.8399036526679993
1,s2_fi2_fu1_b0_l1,0.0006602242938242853,0.27836132049560547,0.7209783792495728
1,s2_fi2_fu1_b1_l0,0.0023175759706646204,0.8090431690216064,0.18863920867443085
1,s2_fi2_fu1_b1_l1,0.0014022779650986195,0.6263405084609985,0.37225717306137085
1,s2_fi2_fu2_b0_l0,0.0003861872828565538,0.018735747784376144,0.9808779954910278
1,s2_fi2_fu2_b0_l1,0.0004483087104745209,0.02400404028594494,0.9755476117134094
1,s2_fi2_fu2_b1_l0,0.00038309500087052584,0.11041470617055893,0.8892021775245667
1,s2_fi2_fu2_b1_l1,0.0004566092975437641,0.17587287724018097,0.8236705660820007
1,s2_fi3_fu1_b0_l0,0.0014272804837673903,0.7338933348655701,0.2646793723106384
1,s2_fi3_fu1_b0_l1,0.00118528853636235,0.6226890683174133,0.37612566351890564
1,s2_fi3_fu1_b1_l0,0.0016973228193819523,0.7633303999900818,0.2349722534418106
1,s2_fi3_fu1_b1_l1,0.0011342368088662624,0.5978114604949951,0.4010542631149292
1,s2_fi3_fu2_b0_l0,0.0006506989593617618,0.29987800121307373,0.6994712948799133
1,s2_fi3_fu2_b0_l1,0.0006250358419492841,0.2844078540802002,0.7149671316146851
1,s2_fi3_fu2_b1_l0,0.0009619130869396031,0.5127134323120117,0.4863246977329254
1,s2_fi3_fu2_b1_l1,0.0009114178828895092,0.46183842420578003,0.5372501611709595
2,s0_fi0_fu0_b0_l0,0.9584336280822754,0.022200340405106544,0.019366005435585976
2,s0_fi0_fu0_b0_l1,0.9263783693313599,0.04219149053096771,0.03143018111586571
2,s0_fi0_fu0_b1_l0,0.9368966221809387,0.03786797076463699,0.025235366076231003
2,s0_fi0_fu0_b1_l1,0.9663169384002686,0.016416344791650772,0.017266716808080673
2,s0_fi1_fu1_b0_l0,0.000902005354873836,0.449256956577301,0.549841046333313
2,s0_fi1_fu1_b0_l1,0.0017026719870045781,0.6894994378089905,0.3087978959083557
2,s0_fi1_fu1_b1_l0,0.0005268409149721265,0.2098904252052307,0.7895827889442444
2,s0_fi1_fu1_b1_l1,0.0011819791980087757,0.6239648461341858,0.3748531639575958
2,s0_fi1_fu2_b0_l0,0.00041930878069251776,0.15925942361354828,0.8403213024139404
2,s0_fi1_fu2_b0_l1,0.000808033742941916,0.37904292345046997,0.6201490759849548
2,s0_fi1_fu2_b1_l0,0.00029945530695840716,0.04878321290016174,0.9509172439575195
2,s0_fi1_fu2_b1_l1,0.0005312946159392595,0.22579151391983032,0.7736771106719971
2,s0_fi2_fu1_b0_l0,0.0008635619888082147,0.42813676595687866,0.5709996819496155
2,s0_fi2_fu1_b0_l1,0.0018360731191933155,0.6284267902374268,0.36973708868026733
2,s0_fi2_fu1_b1_l0,0.000797004031483084,0.3844875395298004,0.6147155165672302
2,s0_fi2_fu1_b1_l1,0.0013901011552661657,0.5796553492546082,0.4189544916152954
2,s0_fi2_fu2_b0_l0,0.00044163683196529746,0.1656377613544464,0.8339205980300903
2,s0_fi2_fu2_b0_l1,0.000564376066904515,0.23832453787326813,0.7611111402511597
2,s0_fi2_fu2_b1_l0,0.00035702192690223455,0.13724105060100555,0.8624019622802734
2,s0_fi2_fu2_b1_l1,0.0006361605483107269,0.28285059332847595,0.7165132164955139
2,s0_fi3_fu1_b0_l0,0.0018765042768791318,0.7952098250389099,0.20291368663311005
2,s0_fi3_fu1_b0_l1,0.0019700038246810436,0.802903950214386,0.1951260268688202
2,s0_fi3_fu1_b1_l0,0.0007513528107665479,0.36291950941085815,0.6363291144371033
2,s0_fi3_fu1_b1_l1,0.0011501453118398786,0.6487928032875061,0.3500570058822632
2,s0_fi3_fu2_b0_l0,0.0005554191884584725,0.22227442264556885,0.7771701216697693
2,s0_fi3_fu2_b0_l1,0.001270888838917017,0.6946787238121033,0.3040504455566406
2,s0_fi3_fu2_b1_l0,0.0004919467028230429,0.19725258648395538,0.8022555112838745
2,s0_fi3_fu2_b1_l1,0.0004894815501756966,0.19530411064624786,0.804206371307373
2,s1_fi0_fu0_b0_l0,0.9502045512199402,0.027426406741142273,0.0223690252751112
2,s1_fi0_fu0_b0_l1,0.9600967168807983,0.021363340318202972,0.018539946526288986
2,s1_fi0_fu0_b1_l0,0.9162804484367371,0.04804965853691101,0.03566990792751312
2,s1_fi0_fu0_b1_l1,0.92877596616745,0.04085422679781914,0.030369771644473076
2,s1_fi1_fu1_b0_l0,0.002225008560344577,0.8054226040840149,0.19235238432884216
2,s1_fi1_fu1_b0_l1,0.0014019139343872666,0.6947848796844482,0.30381324887275696
2,s1_fi1_fu1_b1_l0,0.002256855834275484,0.8069788217544556,0.19076435267925262
2,s1_fi1_fu1_b1_l1,0.0018314493354409933,0.7746813893318176,0.22348721325397491
2,s1_fi1_fu2_b0_l0,0.0013356429990381002,0.6782391667366028,0.32042521238327026
2,s1_fi1_fu2_b0_l1,0.00046738586388528347,0.17395097017288208,0.8255816698074341
2,s1_fi1_fu2_b1_l0,0.0006433099042624235,0.28914564847946167,0.7102110981941223
2,s1_fi1_fu2_b1_l1,0.0007742724264971912,0.36516913771629333,0.634056568145752
2,s1_fi2_fu1_b0_l0,0.0031583793461322784,0.8091849684715271,0.18765665590763092
2,s1_fi2_fu1_b0_l1,0.000946316693443805,0.4840685725212097,0.5149850845336914
2,s1_fi2_fu1_b1_l0,0.002754586050286889,0.8288925290107727,0.1683528870344162
2,s1_fi2_fu1_b1_l1,0.0019390106899663806,0.7889589071273804,0.209102064371109
2,s1_fi2_fu2_b0_l0,0.0018658526241779327,0.7008876204490662,0.2972464859485626
2,s1_fi2_fu2_b0_l1,0.0003238520002923906,0.08390757441520691,0.9157685041427612
2,s1_fi2_fu2_b1_l0,0.00048527817125432193,0.02695043943822384,0.9725642800331116
2,s1_fi2_fu2_b1_l1,0.000525043171364814,0.19461603462696075,0.8048589825630188
2,s1_fi3_fu1_b0_l0,0.005184067878872156,0.7988543510437012,0.19596163928508759
2,s1_fi3_fu1_b0_l1,0.001544398139230907,0.7555617690086365,0.2428937703371048
2,s1_fi3_fu1_b1_l0,0.003699513850733638,0.8159677386283875,0.18033267557621002
2,s1_fi3_fu1_b1_l1,0.0035074553452432156,0.8284893035888672,0.16800323128700256
2,s1_fi3_fu2_b0_l0,0.005496844183653593,0.72319495677948,0.27130818367004395
2,s1_fi3_fu2_b0_l1,0.0007908620755188167,0.4127442538738251,0.5864649415016174
2,s1_fi3_fu2_b1_l0,0.001132024684920907,0.6286919116973877,0.3701760470867157
2,s1_fi3_fu2_b1_l1,0.0022467507515102625,0.8255492448806763,0.17220403254032135
2,s2_fi0_fu0_b0_l0,0.9312376379966736,0.039227381348609924,0.029534976929426193
2,s2_fi0_fu0_b0_l1,0.9572768211364746,0.023332612589001656,0.01939067803323269
2,s2_fi0_fu0_b1_l0,0.9676110148429871,0.016841406002640724,0.015547572635114193
2,s2_fi0_fu0_b1_l1,0.9440567493438721,0.031144700944423676,0.024798493832349777
2,s2_fi1_fu1_b0_l0,0.0009625245584174991,0.4789756238460541,0.5200617909431458
2,s2_fi1_fu1_b0_l1,0.0015585296787321568,0.7312893271446228,0.26715216040611267
2,s2_fi1_fu1_b1_l0,0.0017170399660244584,0.7600268721580505,0.23825611174106598
2,s2_fi1_fu1_b1_l1,0.0015498932916671038,0.7295992374420166,0.2688508629798889
2,s2_fi1_fu2_b0_l0,0.0005233732517808676,0.2040039300918579,0.7954726815223694
2,s2_fi1_fu2_b0_l1,0.0006534901331178844,0.2856634259223938,0.7136830687522888
2,s2_fi1_fu2_b1_l0,0.00034753885120153427,0.10751233994960785,0.8921401500701904
2,s2_fi1_fu2_b1_l1,0.0007216637022793293,0.3387863337993622,0.660491943359375
2,s2_fi2_fu1_b0_l0,0.0005207801586948335,0.194183349609375,0.8052958846092224
2,s2_fi2_fu1_b0_l1,0.0008816742338240147,0.43266281485557556,0.5664554834365845
2,s2_fi2_fu1_b1_l0,0.0019700569100677967,0.7935981154441833,0.20443189144134521
2,s2_fi2_fu1_b1_l1,0.0014065310824662447,0.7053894996643066,0.29320400953292847
2,s2_fi2_fu2_b0_l0,0.00036802218528464437,0.1421579122543335,0.8574740886688232
2,s2_fi2_fu2_b0_l1,0.0004279669083189219,0.14777976274490356,0.8517922759056091
2,s2_fi2_fu2_b1_l0,0.00040210754377767444,0.15978676080703735,0.8398111462593079
2,s2_fi2_fu2_b1_l1,0.00044597111991606653,0.16826003789901733,0.8312940001487732
2,s2_fi3_fu1_b0_l0,0.0017429142026230693,0.7905070781707764,0.20774999260902405
2,s2_fi3_fu1_b0_l1,0.002348541747778654,0.8295029997825623,0.1681484580039978
2,s2_fi3_fu1_b1_l0,0.0028017964214086533,0.8260194063186646,0.17117881774902344
2,s2_fi3_fu1_b1_l1,0.0013517169281840324,0.7300710082054138,0.2685772478580475
2,s2_fi3_fu2_b0_l0,0.0010641583940014243,0.5979156494140625,0.40102019906044006
2,s2_fi3_fu2_b0_l1,0.0017244091723114252,0.661302924156189,0.3369726240634918
2,s2_fi3_fu2_b1_l0,0.0011236538412049413,0.5577653646469116,0.4411109387874603
2,s2_fi3_fu2_b1_l1,0.0010720140999183059,0.58185875415802,0.4170692563056946
4,s0_fi0_fu0_b0_l0,0.9363343119621277,0.036149054765701294,0.027516575530171394
4,s0_fi0_fu0_b0_l1,0.894312858581543,0.06087343767285347,0.04481362923979759
4,s0_fi0_fu0_b1_l0,0.45460745692253113,0.3032118082046509,0.242180734872818
4,s0_fi0_fu0_b1_l1,0.9198456406593323,0.04576083645224571,0.03439348191022873
4,s0_fi1_fu1_b0_l0,0.0016001901822164655,0.7481357455253601,0.25026410818099976
4,s0_fi1_fu1_b0_l1,0.001495174947194755,0.7247273325920105,0.2737775146961212
4,s0_fi1_fu1_b1_l0,0.0013425026554614305,0.6878390908241272,0.3108183741569519
4,s0_fi1_fu1_b1_l1,0.002095333766192198,0.7983146905899048,0.19958990812301636
4,s0_fi1_fu2_b0_l0,0.0014558702241629362,0.7194308042526245,0.2791133224964142
4,s0_fi1_fu2_b0_l1,0.0010241965064778924,0.5362411141395569,0.4627346694469452
4,s0_fi1_fu2_b1_l0,0.0007607550942339003,0.36912068724632263,0.6301185488700867
4,s0_fi1_fu2_b1_l1,0.000920710212085396,0.4419889450073242,0.5570903420448303
4,s0_fi2_fu1_b0_l0,0.001247404026798904,0.661556601524353,0.3371959626674652
4,s0_fi2_fu1_b0_l1,0.0015694565372541547,0.7429304122924805,0.25550010800361633
4,s0_fi2_fu1_b1_l0,0.0003955995198339224,0.09324559569358826,0.9063588976860046
4,s0_fi2_fu1_b1_l1,0.0014616675907745957,0.7405309081077576,0.2580074369907379
4,s0_fi2_fu2_b0_l0,0.0005461027612909675,0.23579509556293488,0.7636587619781494
4,s0_fi2_fu2_b0_l1,0.0005320119671523571,0.22283174097537994,0.7766362428665161
4,s0_fi2_fu2_b1_l0,0.00024839522666297853,0.035732466727495193,0.964019238948822
4,s0_fi2_fu2_b1_l1,0.0005383545067161322,0.21388280391693115,0.7855788469314575
4,s0_fi3_fu1_b0_l0,0.0014126491732895374,0.7209221720695496,0.2776651680469513
4,s0_fi3_fu1_b0_l1,0.001928499317727983,0.8003339767456055,0.19773754477500916
4,s0_fi3_fu1_b1_l0,0.0006067874492146075,0.270999550819397,0.7283936142921448
4,s0_fi3_fu1_b1_l1,0.0016893635038286448,0.6942057013511658,0.30410492420196533
4,s0_fi3_fu2_b0_l0,0.000767959572840482,0.3830849826335907,0.6161470413208008
4,s0_fi3_fu2_b0_l1,0.0009624841040931642,0.491184264421463,0.5078532695770264
4,s0_fi3_fu2_b1_l0,0.0005491735646501184,0.1828540414571762,0.8165968656539917
4,s0_fi3_fu2_b1_l1,0.0006665445398539305,0.3334045112133026,0.6659289598464966
4,s1_fi0_fu0_b0_l0,0.8885446786880493,0.06479372084140778,0.04666167497634888
4,s1_fi0_fu0_b0_l1,0.9455258846282959,0.03037760779261589,0.024096522480249405
4,s1_fi0_fu0_b1_l0,0.9526723623275757,0.025746939703822136,0.021580640226602554
4,s1_fi0_fu0_b1_l1,0.9292160272598267,0.04056061431765556,0.030223393812775612
4,s1_fi1_fu1_b0_l0,0.004124009516090155,0.7220330238342285,0.2738429307937622
4,s1_fi1_fu1_b0_l1,0.0025236676447093487,0.8195220232009888,0.1779542714357376
4,s1_fi1_fu1_b1_l0,0.0037040829192847013,0.8038035035133362,0.19249241054058075
4,s1_fi1_fu1_b1_l1,0.0020660669542849064,0.7923909425735474,0.20554301142692566
4,s1_fi1_fu2_b0_l0,0.0021750445012003183,0.7980680465698242,0.19975689053535461
4,s1_fi1_fu2_b0_l1,0.0008044276037253439,0.3899538815021515,0.6092417240142822
4,s1_fi1_fu2_b1_l0,0.000972303852904588,0.5007808804512024,0.49824681878089905
4,s1_fi1_fu2_b1_l1,0.0013018220197409391,0.6692832708358765,0.32941487431526184
4,s1_fi2_fu1_b0_l0,0.01069821696728468,0.7631102800369263,0.22619149088859558
4,s1_fi2_fu1_b0_l1,0.0014798494521528482,0.7319190502166748,0.2666011154651642
4,s1_fi2_fu1_b1_l0,0.0016405389178544283,0.7609447240829468,0.23741477727890015
4,s1_fi2_fu1_b1_l1,0.0025536646135151386,0.813406765460968,0.18403957784175873
4,s1_fi2_fu2_b0_l0,0.0013162341201677918,0.6772286295890808,0.321455180644989
4,s1_fi2_fu2_b0_l1,0.00043933899723924696,0.16651298105716705,0.8330476880073547
4,s1_fi2_fu2_b1_l0,0.0004375886346679181,0.11001525819301605,0.8895471096038818
4,s1_fi2_fu2_b1_l1,0.000952786416746676,0.49389180541038513,0.5051553845405579
4,s1_fi3_fu1_b0_l0,0.003265117760747671,0.8000515699386597,0.19668333232402802
4,s1_fi3_fu1_b0_l1,0.0020163950975984335,0.8104395270347595,0.1875440925359726
4,s1_fi3_fu1_b1_l0,0.004627106245607138,0.8048749566078186,0.1904979646205902
4,s1_fi3_fu1_b1_l1,0.0026014831382781267,0.8288425803184509,0.16855594515800476
4,s1_fi3_fu2_b0_l0,0.003179132705554366,0.8276084065437317,0.1692124605178833
4,s1_fi3_fu2_b0_l1,0.0008967206813395023,0.4587019383907318,0.5404012799263
4,s1_fi3_fu2_b1_l0,0.001336948131211102,0.6913037896156311,0.3073591887950897
4,s1_fi3_fu2_b1_l1,0.0007694230880588293,0.37234213948249817,0.6268884539604187
4,s2_fi0_fu0_b0_l0,0.9716238975524902,0.014400976710021496,0.013975159265100956
4,s2_fi0_fu0_b0_l1,0.8491238355636597,0.08621349185705185,0.06466269493103027
4,s2_fi0_fu0_b1_l0,0.8532845377922058,0.0834956020116806,0.0632198378443718
4,s2_fi0_fu0_b1_l1,0.969475507736206,0.015742504969239235,0.014781937934458256
4,s2_fi1_fu1_b0_l0,0.0014209779910743237,0.6297964453697205,0.36878255009651184
4,s2_fi1_fu1_b0_l1,0.0014633446699008346,0.7119150161743164,0.2866216003894806
4,s2_fi1_fu1_b1_l0,0.002329643815755844,0.7270995378494263,0.2705708146095276
4,s2_fi1_fu1_b1_l1,0.0015050063375383615,0.7242928743362427,0.2742021381855011
4,s2_fi1_fu2_b0_l0,0.00035933920298703015,0.10454817116260529,0.8950924873352051
4,s2_fi1_fu2_b0_l1,0.001041978714056313,0.5436424016952515,0.45531561970710754
4,s2_fi1_fu2_b1_l0,0.0016527731204405427,0.748043417930603,0.25030380487442017
4,s2_fi1_fu2_b1_l1,0.0010717158438637853,0.5629904866218567,0.4359377920627594
4,s2_fi2_fu1_b0_l0,0.0012626582756638527,0.6756142377853394,0.32312312722206116
4,s2_fi2_fu1_b0_l1,0.0005697478190995753,0.23954614996910095,0.7598840594291687
4,s2_fi2_fu1_b1_l0,0.0026411234866827726,0.8106261491775513,0.18673275411128998
4,s2_fi2_fu1_b1_l1,0.0014369157142937183,0.7150551676750183,0.28350797295570374
4,s2_fi2_fu2_b0_l0,0.0004878088366240263,0.20101484656333923,0.7984973192214966
4,s2_fi2_fu2_b0_l1,0.000872190750669688,0.443092405796051,0.5560353994369507
4,s2_fi2_fu2_b1_l0,0.0004230561316944659,0.15941065549850464,0.8401662707328796
4,s2_fi2_fu2_b1_l1,0.0003537236771080643,0.07723232358694077,0.9224140048027039
4,s2_fi3_fu1_b0_l0,0.002107469132170081,0.8203900456428528,0.17750251293182373
4,s2_fi3_fu1_b0_l1,0.0018088023643940687,0.7869644165039062,0.21122680604457855
4,s2_fi3_fu1_b1_l0,0.00307242339476943,0.8309131264686584,0.16601450741291046
4,s2_fi3_fu1_b1_l1,0.001265779952518642,0.6797376275062561,0.3189965784549713
4,s2_fi3_fu2_b0_l0,0.0008030948229134083,0.42739057540893555,0.5718063116073608
4,s2_fi3_fu2_b0_l1,0.0008676980505697429,0.44392311573028564,0.555209219455719
4,s2_fi3_fu2_b1_l0,0.0009717245120555162,0.5224779844284058,0.47655031085014343
4,s2_fi3_fu2_b1_l1,0.0006984923384152353,0.3293921649456024,0.6699093580245972
5,s0_fi0_fu0_b0_l0,0.9688294529914856,0.016089223325252533,0.015081237070262432
5,s0_fi0_fu0_b0_l1,0.9300329685211182,0.039946094155311584,0.0300209429115057
5,s0_fi0_fu0_b1_l0,0.9795936346054077,0.009603433310985565,0.010802863165736198
5,s0_fi0_fu0_b1_l1,0.9712834358215332,0.014643698930740356,0.014072866179049015
5,s0_fi1_fu1_b0_l0,0.001669903052970767,0.7673068046569824,0.23102322220802307
5,s0_fi1_fu1_b0_l1,0.0010888590477406979,0.5227430462837219,0.47616809606552124
5,s0_fi1_fu1_b1_l0,0.0007477608160115778,0.35040774941444397,0.6488445401191711
5,s0_fi1_fu1_b1_l1,0.002821717644110322,0.8201372027397156,0.17704106867313385
5,s0_fi1_fu2_b0_l0,0.000805730524007231,0.4029763340950012,0.5962179899215698
5,s0_fi1_fu2_b0_l1,0.0004205360892228782,0.14446432888507843,0.8551151752471924
5,s0_fi1_fu2_b1_l0,0.0005166538758203387,0.21110936999320984,0.7883740067481995
5,s0_fi1_fu2_b1_l1,0.0004678899422287941,0.19059905409812927,0.8089330196380615
5,s0_fi2_fu1_b0_l0,0.00046995491720736027,0.12292788922786713,0.8766022324562073
5,s0_fi2_fu1_b0_l1,0.0019495149608701468,0.8052783012390137,0.1927722543478012
5,s0_fi2_fu1_b1_l0,0.000986279221251607,0.5152643322944641,0.4837493598461151
5,s0_fi2_fu1_b1_l1,0.0009969869861379266,0.5364776849746704,0.46252527832984924
5,s0_fi2_fu2_b0_l0,0.0005577321862801909,0.24067437648773193,0.7587679028511047
5,s0_fi2_fu2_b0_l1,0.0003104693896602839,0.052254803478717804,0.9474347233772278
5,s0_fi2_fu2_b1_l0,0.00047428926336579025,0.02626139298081398,0.9732643365859985
5,s0_fi2_fu2_b1_l1,0.0003977567539550364,0.11405676603317261,0.8855454921722412
5,s0_fi3_fu1_b0_l0,0.0015426698373630643,0.7414100170135498,0.25704726576805115
5,s0_fi3_fu1_b0_l1,0.0017746910452842712,0.6998767256736755,0.2983485758304596
5,s0_fi3_fu1_b1_l0,0.0007341080927290022,0.3761593997478485,0.6231064796447754
5,s0_fi3_fu1_b1_l1,0.0015218253247439861,0.6587298512458801,0.3397483229637146
5,s0_fi3_fu2_b0_l0,0.0009187072864733636,0.4712370038032532,0.5278443098068237
5,s0_fi3_fu2_b0_l1,0.0005920325056649745,0.2604233920574188,0.7389846444129944
5,s0_fi3_fu2_b1_l0,0.00045845916611142457,0.15364639461040497,0.8458951711654663
5,s0_fi3_fu2_b1_l1,0.0009792279452085495,0.5257798433303833,0.4732409715652466
5,s1_fi0_fu0_b0_l0,0.9485118985176086,0.028495920822024345,0.022992176935076714
5,s1_fi0_fu0_b0_l1,0.958418071269989,0.02209049090743065,0.01949148066341877
5,s1_fi0_fu0_b1_l0,0.9567160606384277,0.023279404267668724,0.0200045183300972
5,s1_fi0_fu0_b1_l1,0.9126508235931396,0.05084700137376785,0.03650220111012459
5,s1_fi1_fu1_b0_l0,0.0036044386215507984,0.8006204962730408,0.19577503204345703
5,s1_fi1_fu1_b0_l1,0.0017985653830692172,0.7700678110122681,0.2281336486339569
5,s1_fi1_fu1_b1_l0,0.0022810976952314377,0.8006177544593811,0.19710108637809753
5,s1_fi1_fu1_b1_l1,0.001671488513238728,0.7514522075653076,0.24687634408473969
5,s1_fi1_fu2_b0_l0,0.0015039540594443679,0.722429633140564,0.2760664224624634
5,s1_fi1_fu2_b0_l1,0.000753004860598594,0.36183467507362366,0.6374123096466064
5,s1_fi1_fu2_b1_l0,0.0009807557798922062,0.500889003276825,0.498130202293396
5,s1_fi1_fu2_b1_l1,0.0008463769918307662,0.4117310643196106,0.5874225497245789
5,s1_fi2_fu1_b0_l0,0.00465347059071064,0.7956531643867493,0.19969333708286285
5,s1_fi2_fu1_b0_l1,0.0028306501917541027,0.8380655646324158,0.15910375118255615
5,s1_fi2_fu1_b1_l0,0.005383817479014397,0.7835747599601746,0.2110414355993271
5,s1_fi2_fu1_b1_l1,0.0018522479804232717,0.7798130512237549,0.21833474934101105
5,s1_fi2_fu2_b0_l0,0.0011386709520593286,0.6102264523506165,0.3886348605155945
5,s1_fi2_fu2_b0_l1,0.0006371705094352365,0.30169790983200073,0.6976649165153503
5,s1_fi2_fu2_b1_l0,0.0003782432759180665,0.09772640466690063,0.9018953442573547
5,s1_fi2_fu2_b1_l1,0.0019236441003158689,0.22770154476165771,0.7703747749328613
5,s1_fi3_fu1_b0_l0,0.00556991808116436,0.8155839443206787,0.17884612083435059
5,s1_fi3_fu1_b0_l1,0.0017749965190887451,0.781838059425354,0.21638695895671844
5,s1_fi3_fu1_b1_l0,0.002455789363011718,0.821467399597168,0.17607681453227997
5,s1_fi3_fu1_b1_l1,0.0014916593208909035,0.7363501191139221,0.26215818524360657
5,s1_fi3_fu2_b0_l0,0.0018523234175518155,0.7027131915092468,0.29543450474739075
5,s1_fi3_fu2_b0_l1,0.0009757413063198328,0.542715847492218,0.45630842447280884
5,s1_fi3_fu2_b1_l0,0.0015615730080753565,0.7477937340736389,0.250644713640213
5,s1_fi3_fu2_b1_l1,0.0009692438179627061,0.5107617378234863,0.48826897144317627
5,s2_fi0_fu0_b0_l0,0.9743175506591797,0.01265464723110199,0.013027777895331383
5,s2_fi0_fu0_b0_l1,0.9772042036056519,0.011121898889541626,0.011673877947032452
5,s2_fi0_fu0_b1_l0,0.9331135749816895,0.03810928761959076,0.028777191415429115
5,s2_fi0_fu0_b1_l1,0.9661135077476501,0.017608586698770523,0.016277873888611794
5,s2_fi1_fu1_b0_l0,0.001711442368105054,0.7666144967079163,0.23167404532432556
5,s2_fi1_fu1_b0_l1,0.001468817936256528,0.7125056385993958,0.28602561354637146
5,s2_fi1_fu1_b1_l0,0.0025872045662254095,0.7328675985336304,0.26454514265060425
5,s2_fi1_fu1_b1_l1,0.0013152057072147727,0.6788091659545898,0.31987565755844116
5,s2_fi1_fu2_b0_l0,0.0006882526213303208,0.3197566568851471,0.6795550584793091
5,s2_fi1_fu2_b0_l1,0.0009280858794227242,0.47402551770210266,0.5250463485717773
5,s2_fi1_fu2_b1_l0,0.0004576371284201741,0.17272473871707916,0.8268176317214966
5,s2_fi1_fu2_b1_l1,0.0005516369710676372,0.22734670341014862,0.7721017003059387
5,s2_fi2_fu1_b0_l0,0.0007690361817367375,0.38107988238334656,0.618151068687439
5,s2_fi2_fu1_b0_l1,0.0020478784572333097,0.8112357258796692,0.1867164522409439
5,s2_fi2_fu1_b1_l0,0.002496740547940135,0.8165048956871033,0.1809983253479004
5,s2_fi2_fu1_b1_l1,0.0019853711128234863,0.727461576461792,0.2705531120300293
5,s2_fi2_fu2_b0_l0,0.0005353729357011616,0.17199240624904633,0.8274722695350647
5,s2_fi2_fu2_b0_l1,0.00048348179552704096,0.19599638879299164,0.803520143032074
5,s2_fi2_fu2_b1_l0,0.00041506311390548944,0.12137415260076523,0.8782107830047607
5,s2_fi2_fu2_b1_l1,0.0003834576637018472,0.0889071449637413,0.9107093811035156
5,s2_fi3_fu1_b0_l0,0.0016230897745117545,0.7714913487434387,0.22688555717468262
5,s2_fi3_fu1_b0_l1,0.0018714274046942592,0.789044201374054,0.2090843915939331
5,s2_fi3_fu1_b1_l0,0.0017900397069752216,0.780707597732544,0.21750235557556152
5,s2_fi3_fu1_b1_l1,0.0017463567201048136,0.6953311562538147,0.30292245745658875
5,s2_fi3_fu2_b0_l0,0.0009804798755794764,0.5277714133262634,0.47124814987182617
5,s2_fi3_fu2_b0_l1,0.0010936124017462134,0.5955103635787964,0.4033960700035095
5,s2_fi3_fu2_b1_l0,0.0024746358394622803,0.282908171415329,0.7146171927452087
5,s2_fi3_fu2_b1_l1,0.000900139391887933,0.4823221266269684,0.516777753829956
7,s0_fi0_fu0_b0_l0,0.975482165813446,0.012015639804303646,0.01250216644257307
7,s0_fi0_fu0_b0_l1,0.9735957384109497,0.013218719512224197,0.013185586780309677
7,s0_fi0_fu0_b1_l0,0.9212890863418579,0.04581500217318535,0.03289592266082764
7,s0_fi0_fu0_b1_l1,0.07031043618917465,0.5816634297370911,0.3480260968208313
7,s0_fi1_fu1_b0_l0,0.003576018614694476,0.8019938468933105,0.1944301426410675
7,s0_fi1_fu1_b0_l1,0.00553257018327713,0.7937105894088745,0.20075687766075134
7,s0_fi1_fu1_b1_l0,0.0037797593977302313,0.8111869692802429,0.18503326177597046
7,s0_fi1_fu1_b1_l1,0.003956975415349007,0.827747642993927,0.16829544305801392
7,s0_fi1_fu2_b0_l0,0.011408371850848198,0.7326080799102783,0.2559835612773895
7,s0_fi1_fu2_b0_l1,0.003552781417965889,0.8075154423713684,0.18893170356750488
7,s0_fi1_fu2_b1_l0,0.0030745472759008408,0.8097187280654907,0.18720680475234985
7,s0_fi1_fu2_b1_l1,0.002839123597368598,0.7373821139335632,0.2597787380218506
7,s0_fi2_fu1_b0_l0,0.005302763544023037,0.7815276980400085,0.21316951513290405
7,s0_fi2_fu1_b0_l1,0.006568651180714369,0.7741054892539978,0.21932590007781982
7,s0_fi2_fu1_b1_l0,0.010885934345424175,0.7664834260940552,0.2226305603981018
7,s0_fi2_fu1_b1_l1,0.0029995236545801163,0.8052905201911926,0.1917099803686142
7,s0_fi2_fu2_b0_l0,0.006075694225728512,0.785456657409668,0.20846767723560333
7,s0_fi2_fu2_b0_l1,0.006506484467536211,0.7808377146720886,0.21265587210655212
7,s0_fi2_fu2_b1_l0,0.004152318462729454,0.8121266961097717,0.18372096121311188
7,s0_fi2_fu2_b1_l1,0.0026922416873276234,0.8146474957466125,0.18266020715236664
7,s1_fi0_fu0_b0_l0,0.9422047138214111,0.03275230899453163,0.025042949244379997
7,s1_fi0_fu0_b0_l1,0.9815638065338135,0.00856082420796156,0.009875377640128136
7,s1_fi0_fu0_b1_l0,0.7525315880775452,0.14059412479400635,0.10687434673309326
7,s1_fi0_fu0_b1_l1,0.9386138916015625,0.03525690361857414,0.026129186153411865
7,s1_fi1_fu1_b0_l0,0.004889628849923611,0.7936334013938904,0.20147694647312164
7,s1_fi1_fu1_b0_l1,0.0032348118256777525,0.7276026606559753,0.26916253566741943
7,s1_fi1_fu1_b1_l0,0.0034968089312314987,0.7975967526435852,0.19890646636486053
7,s1_fi1_fu1_b1_l1,0.005649507511407137,0.7814960479736328,0.21285448968410492
7,s1_fi1_fu2_b0_l0,0.10265488177537918,0.5240830779075623,0.3732620179653168
7,s1_fi1_fu2_b0_l1,0.004402749706059694,0.7962985634803772,0.1992987096309662
7,s1_fi1_fu2_b1_l0,0.002853511366993189,0.8096550107002258,0.1874915063381195
7,s1_fi1_fu2_b1_l1,0.03134480491280556,0.6598988771438599,0.3087562918663025
7,s1_fi2_fu1_b0_l0,0.02089279145002365,0.6789882183074951,0.300119012594223
7,s1_fi2_fu1_b0_l1,0.005359433125704527,0.7784250974655151,0.21621543169021606
7,s1_fi2_fu1_b1_l0,0.005414200946688652,0.7885922193527222,0.20599357783794403
7,s1_fi2_fu1_b1_l1,0.005313712637871504,0.7897606492042542,0.20492564141750336
7,s1_fi2_fu2_b0_l0,0.012659795582294464,0.7266911864280701,0.2606489956378937
7,s1_fi2_fu2_b0_l1,0.004672227893024683,0.7904487252235413,0.2048790156841278
7,s1_fi2_fu2_b1_l0,0.003622651332989335,0.8070353865623474,0.18934203684329987
7,s1_fi2_fu2_b1_l1,0.006144605111330748,0.7760716080665588,0.21778379380702972
7,s2_fi0_fu0_b0_l0,0.8314299583435059,0.09104429185390472,0.07752567529678345
7,s2_fi0_fu0_b0_l1,0.9747946262359619,0.012486833147704601,0.012718466110527515
7,s2_fi0_fu0_b1_l0,0.5316563248634338,0.24846000969409943,0.21988369524478912
7,s2_fi0_fu0_b1_l1,0.03278116509318352,0.6626518368721008,0.3045669198036194
7,s2_fi1_fu1_b0_l0,0.0022934400476515293,0.8012537956237793,0.196452796459198
7,s2_fi1_fu1_b0_l1,0.0023222710005939007,0.7981631755828857,0.19951455295085907
7,s2_fi1_fu1_b1_l0,0.0028106151148676872,0.8096714019775391,0.18751797080039978
7,s2_fi1_fu1_b1_l1,0.0027118667494505644,0.7295895218849182,0.26769858598709106
7,s2_fi1_fu2_b0_l0,0.002414928050711751,0.805455207824707,0.19212985038757324
7,s2_fi1_fu2_b0_l1,0.002261403715237975,0.7207963466644287,0.2769421935081482
7,s2_fi1_fu2_b1_l0,0.0032227367628365755,0.724534809589386,0.2722425162792206
7,s2_fi1_fu2_b1_l1,0.0020983070135116577,0.7871508002281189,0.21075092256069183
7,s2_fi2_fu1_b0_l0,0.00259541068226099,0.7333757281303406,0.2640288770198822
7,s2_fi2_fu1_b0_l1,0.003730158554390073,0.7249606847763062,0.27130913734436035
7,s2_fi2_fu1_b1_l0,0.0026822525542229414,0.8102412819862366,0.18707643449306488
7,s2_fi2_fu1_b1_l1,0.0022355413530021906,0.7976304888725281,0.20013397932052612
7,s2_fi2_fu2_b0_l0,0.001817790325731039,0.7669432759284973,0.2312389463186264
7,s2_fi2_fu2_b0_l1,0.0027361761312931776,0.7299532294273376,0.26731058955192566
7,s2_fi2_fu2_b1_l0,0.0018349519232288003,0.771583616733551,0.2265814244747162
7,s2_fi2_fu2_b1_l1,0.0022520702332258224,0.800663948059082,0.197083979845047
8,s0_fi0_fu0_b0_l0,0.9513693451881409,0.026633966714143753,0.02199670299887657
8,s0_fi0_fu0_b0_l1,0.9571409225463867,0.02333562821149826,0.019523438066244125
8,s0_fi0_fu0_b1_l0,0.9706488251686096,0.014949319884181023,0.014401925727725029
8,s0_fi0_fu0_b1_l1,0.4868016541004181,0.2759663760662079,0.2372319996356964
8,s0_fi1_fu1_b0_l0,0.005437389947474003,0.7829632759094238,0.21159936487674713
8,s0_fi1_fu1_b0_l1,0.003968100529164076,0.7997260689735413,0.19630590081214905
8,s0_fi1_fu1_b1_l0,0.03819897770881653,0.6458100080490112,0.315991073846817
8,s0_fi1_fu1_b1_l1,0.0030892849899828434,0.7363439798355103,0.26056671142578125
8,s0_fi1_fu2_b0_l0,0.0035256168339401484,0.8118107914924622,0.1846635937690735
8,s0_fi1_fu2_b0_l1,0.004748259671032429,0.7926278710365295,0.2026239037513733
8,s0_fi1_fu2_b1_l0,0.010061281733214855,0.7512691020965576,0.23866957426071167
8,s0_fi1_fu2_b1_l1,0.0030773149337619543,0.8119754791259766,0.184947207570076
8,s0_fi2_fu1_b0_l0,0.0031773094087839127,0.8078910112380981,0.1889316290616989
8,s0_fi2_fu1_b0_l1,0.0035143319983035326,0.7981715798377991,0.19831404089927673
8,s0_fi2_fu1_b1_l0,0.007561188656836748,0.7563194036483765,0.23611938953399658
8,s0_fi2_fu1_b1_l1,0.004046694375574589,0.7331070899963379,0.2628461718559265
8,s0_fi2_fu2_b0_l0,0.006923681125044823,0.7599682211875916,0.23310814797878265
8,s0_fi2_fu2_b0_l1,0.03614434227347374,0.6169156432151794,0.3469400107860565
8,s0_fi2_fu2_b1_l0,0.010958894155919552,0.7456721663475037,0.2433689683675766
8,s0_fi2_fu2_b1_l1,0.0034697765950113535,0.8085207343101501,0.18800951540470123
8,s1_fi0_fu0_b0_l0,0.8764721751213074,0.07150865346193314,0.0520191416144371
8,s1_fi0_fu0_b0_l1,0.9646047353744507,0.018429497256875038,0.016965681686997414
8,s1_fi0_fu0_b1_l0,0.9524803757667542,0.026474924758076668,0.02104467712342739
8,s1_fi0_fu0_b1_l1,0.9113252758979797,0.05161669850349426,0.037057988345623016
8,s1_fi1_fu1_b0_l0,0.005105569027364254,0.7185128927230835,0.2763815224170685
8,s1_fi1_fu1_b0_l1,0.004768995568156242,0.7892841100692749,0.2059468924999237
8,s1_fi1_fu1_b1_l0,0.00495450384914875,0.7889018654823303,0.20614369213581085
8,s1_fi1_fu1_b1_l1,0.003940928261727095,0.8006317615509033,0.19542726874351501
8,s1_fi1_fu2_b0_l0,0.004261224064975977,0.8016861081123352,0.19405268132686615
8,s1_fi1_fu2_b0_l1,0.004064103122800589,0.803679347038269,0.19225654006004333
8,s1_fi1_fu2_b1_l0,0.004141226876527071,0.7960066795349121,0.19985206425189972
8,s1_fi1_fu2_b1_l1,0.004172821529209614,0.7248089909553528,0.27101820707321167
8,s1_fi2_fu1_b0_l0,0.006717088166624308,0.7753939032554626,0.2178889960050583
8,s1_fi2_fu1_b0_l1,0.0044107092544436455,0.7221766114234924,0.27341270446777344
8,s1_fi2_fu1_b1_l0,0.003887651953846216,0.8031989932060242,0.19291336834430695
8,s1_fi2_fu1_b1_l1,0.008211327716708183,0.7512185573577881,0.24057015776634216
8,s1_fi2_fu2_b0_l0,0.009112597443163395,0.7475462555885315,0.2433411180973053
8,s1_fi2_fu2_b0_l1,0.007782022934406996,0.7665781378746033,0.22563980519771576
8,s1_fi2_fu2_b1_l0,0.0040715341456234455,0.7253658771514893,0.27056261897087097
8,s1_fi2_fu2_b1_l1,0.007357808295637369,0.6939170956611633,0.2987251579761505
8,s2_fi0_fu0_b0_l0,0.9176332950592041,0.04720619320869446,0.035160478204488754
8,s2_fi0_fu0_b0_l1,0.965162456035614,0.01837489940226078,0.01646258682012558
8,s2_fi0_fu0_b1_l0,0.9401394724845886,0.0341578833758831,0.02570273168385029
8,s2_fi0_fu0_b1_l1,0.9723060131072998,0.01390518993139267,0.0137887978926301
8,s2_fi1_fu1_b0_l0,0.00207686354406178,0.7888725399971008,0.20905058085918427
8,s2_fi1_fu1_b0_l1,0.002071995520964265,0.787632405757904,0.21029561758041382
8,s2_fi1_fu1_b1_l0,0.003164105350151658,0.7277730703353882,0.2690628468990326
8,s2_fi1_fu1_b1_l1,0.0031429780647158623,0.7253410220146179,0.27151599526405334
8,s2_fi1_fu2_b0_l0,0.0017923631239682436,0.7640975117683411,0.23411014676094055
8,s2_fi1_fu2_b0_l1,0.0021272418089210987,0.792302131652832,0.20557063817977905
8,s2_fi1_fu2_b1_l0,0.002822643145918846,0.8096141219139099,0.18756327033042908
8,s2_fi1_fu2_b1_l1,0.002070656744763255,0.7900859713554382,0.20784340798854828
8,s2_fi2_fu1_b0_l0,0.002940016333013773,0.7288056015968323,0.2682543992996216
8,s2_fi2_fu1_b0_l1,0.00224109273403883,0.8019166588783264,0.19584225118160248
8,s2_fi2_fu1_b1_l0,0.0028649878222495317,0.804013192653656,0.1931218057870865
8,s2_fi2_fu1_b1_l1,0.0029926460701972246,0.727761447429657,0.26924586296081543
8,s2_fi2_fu2_b0_l0,0.0020049349404871464,0.7823668122291565,0.21562828123569489
8,s2_fi2_fu2_b0_l1,0.0017412245506420732,0.7602761387825012,0.2379826456308365
8,s2_fi2_fu2_b1_l0,0.002239289227873087,0.7996315956115723,0.19812911748886108
8,s2_fi2_fu2_b1_l1,0.0024076909758150578,0.7993136644363403,0.19827860593795776
